"vsp","sample_id","sample_date","report_date","files","filter","reads_aligned","percent_aligned","average_coverage","percent50x_coverage","error","command_sam","command_bam","command_filt1","command_qual","command_sort","command_index","command_pileup1","command_pileup2","command_var1","command_var2","command_consensus","version_bwa","version_samtools","version_bcftools","version_bbmap"
"VSP0000","VSP0000-h1","3/21/2022","4/3/2022","VSP0000-h1_S13_RX_001.fastq.gz","y",138,100,47.638,34,"|no consensus made - coverage too low|","bwa mem -M nc_045512.2_rbd.fasta 00_Raw-Data/VSP0000-h1_S13_R1_001.fastq.gz 00_Raw-Data/VSP0000-h1_S13_R2_001.fastq.gz >  ./temp_Sam-Files/VSP0000-h1_genome.sam","samtools view -S -b -h ./temp_Sam-Files/VSP0000-h1_genome.sam > ./01_Bam-Files/VSP0000-h1_genome.bam","samtools view -F 8 -h ./01_Bam-Files/VSP0000-h1_genome.bam | awk 'length($10) > 280 && length($10) < 300 || $1 ~ /^@/' | samtools view -b -h > ./01_Bam-Files/VSP0000-h1_genome.filt.bam","samtools view -h -q 30 -b ./01_Bam-Files/VSP0000-h1_genome.filt.bam > ./01_Bam-Files/VSP0000-h1_genome.filt.qual.bam","samtools sort -o ./01_Bam-Files/VSP0000-h1_genome.filt.qual.sorted.bam ./01_Bam-Files/VSP0000-h1_genome.filt.qual.bam","samtools index ./01_Bam-Files/VSP0000-h1_genome.filt.qual.sorted.bam","./Bin/bbmap/pileup.sh in=./01_Bam-Files/VSP0000-h1_genome.filt.qual.sorted.bam ref=nc_045512.2_rbd.fasta out=./02_Variant-Calling/VSP0000-h1_covstats.txt basecov=./02_Variant-Calling/VSP0000-h1_basecov.txt countgc=f overwrite=t 2> temp.txt","samtools mpileup ./01_Bam-Files/VSP0000-h1_genome.filt.qual.sorted.bam -f ./nc_045512.2_rbd.fasta > ./02_Variant-Calling/VSP0000-h1_pileup.tsv","./Bin/bbmap/callvariants.sh in=./01_Bam-Files/VSP0000-h1_genome.filt.qual.sorted.bam ref=nc_045512.2_rbd.fasta out=./02_Variant-Calling/VSP0000-h1_allVariants.vcf shist=./02_Variant-Calling/VSP0000-h1_variantQualityHisto.txt rarity=0 overwrite=t clearfilters","","","0.7.17-r1188","1.10 (using htslib 1.10.2-3)","1.10.2 (using htslib 1.10.2-3)","38.96"
"VSP0000","VSP0000-h2","3/21/2022","4/3/2022","VSP0000-h2_S14_RX_001.fastq.gz","y",1,100,0.622,0,"|no consensus made - coverage too low||no consensus made - too few reads|","bwa mem -M nc_045512.2_rbd.fasta 00_Raw-Data/VSP0000-h2_S14_R1_001.fastq.gz 00_Raw-Data/VSP0000-h2_S14_R2_001.fastq.gz >  ./temp_Sam-Files/VSP0000-h2_genome.sam","samtools view -S -b -h ./temp_Sam-Files/VSP0000-h2_genome.sam > ./01_Bam-Files/VSP0000-h2_genome.bam","samtools view -F 8 -h ./01_Bam-Files/VSP0000-h2_genome.bam | awk 'length($10) > 280 && length($10) < 300 || $1 ~ /^@/' | samtools view -b -h > ./01_Bam-Files/VSP0000-h2_genome.filt.bam","samtools view -h -q 30 -b ./01_Bam-Files/VSP0000-h2_genome.filt.bam > ./01_Bam-Files/VSP0000-h2_genome.filt.qual.bam","samtools sort -o ./01_Bam-Files/VSP0000-h2_genome.filt.qual.sorted.bam ./01_Bam-Files/VSP0000-h2_genome.filt.qual.bam","samtools index ./01_Bam-Files/VSP0000-h2_genome.filt.qual.sorted.bam","./Bin/bbmap/pileup.sh in=./01_Bam-Files/VSP0000-h2_genome.filt.qual.sorted.bam ref=nc_045512.2_rbd.fasta out=./02_Variant-Calling/VSP0000-h2_covstats.txt basecov=./02_Variant-Calling/VSP0000-h2_basecov.txt countgc=f overwrite=t 2> temp.txt","samtools mpileup ./01_Bam-Files/VSP0000-h2_genome.filt.qual.sorted.bam -f ./nc_045512.2_rbd.fasta > ./02_Variant-Calling/VSP0000-h2_pileup.tsv","./Bin/bbmap/callvariants.sh in=./01_Bam-Files/VSP0000-h2_genome.filt.qual.sorted.bam ref=nc_045512.2_rbd.fasta out=./02_Variant-Calling/VSP0000-h2_allVariants.vcf shist=./02_Variant-Calling/VSP0000-h2_variantQualityHisto.txt rarity=0 overwrite=t clearfilters","","","0.7.17-r1188","1.10 (using htslib 1.10.2-3)","1.10.2 (using htslib 1.10.2-3)","38.96"
"VSP0000","VSP0000-h3","3/21/2022","4/3/2022","VSP0000-h3_S15_RX_001.fastq.gz","y",7,100,4.149,0,"|no consensus made - coverage too low||no consensus made - too few reads|","bwa mem -M nc_045512.2_rbd.fasta 00_Raw-Data/VSP0000-h3_S15_R1_001.fastq.gz 00_Raw-Data/VSP0000-h3_S15_R2_001.fastq.gz >  ./temp_Sam-Files/VSP0000-h3_genome.sam","samtools view -S -b -h ./temp_Sam-Files/VSP0000-h3_genome.sam > ./01_Bam-Files/VSP0000-h3_genome.bam","samtools view -F 8 -h ./01_Bam-Files/VSP0000-h3_genome.bam | awk 'length($10) > 280 && length($10) < 300 || $1 ~ /^@/' | samtools view -b -h > ./01_Bam-Files/VSP0000-h3_genome.filt.bam","samtools view -h -q 30 -b ./01_Bam-Files/VSP0000-h3_genome.filt.bam > ./01_Bam-Files/VSP0000-h3_genome.filt.qual.bam","samtools sort -o ./01_Bam-Files/VSP0000-h3_genome.filt.qual.sorted.bam ./01_Bam-Files/VSP0000-h3_genome.filt.qual.bam","samtools index ./01_Bam-Files/VSP0000-h3_genome.filt.qual.sorted.bam","./Bin/bbmap/pileup.sh in=./01_Bam-Files/VSP0000-h3_genome.filt.qual.sorted.bam ref=nc_045512.2_rbd.fasta out=./02_Variant-Calling/VSP0000-h3_covstats.txt basecov=./02_Variant-Calling/VSP0000-h3_basecov.txt countgc=f overwrite=t 2> temp.txt","samtools mpileup ./01_Bam-Files/VSP0000-h3_genome.filt.qual.sorted.bam -f ./nc_045512.2_rbd.fasta > ./02_Variant-Calling/VSP0000-h3_pileup.tsv","./Bin/bbmap/callvariants.sh in=./01_Bam-Files/VSP0000-h3_genome.filt.qual.sorted.bam ref=nc_045512.2_rbd.fasta out=./02_Variant-Calling/VSP0000-h3_allVariants.vcf shist=./02_Variant-Calling/VSP0000-h3_variantQualityHisto.txt rarity=0 overwrite=t clearfilters","","","0.7.17-r1188","1.10 (using htslib 1.10.2-3)","1.10.2 (using htslib 1.10.2-3)","38.96"
"VSP0000","VSP0000-h4","3/21/2022","4/3/2022","VSP0000-h4_S16_RX_001.fastq.gz","y",4,100,2.458,0,"|no consensus made - coverage too low||no consensus made - too few reads|","bwa mem -M nc_045512.2_rbd.fasta 00_Raw-Data/VSP0000-h4_S16_R1_001.fastq.gz 00_Raw-Data/VSP0000-h4_S16_R2_001.fastq.gz >  ./temp_Sam-Files/VSP0000-h4_genome.sam","samtools view -S -b -h ./temp_Sam-Files/VSP0000-h4_genome.sam > ./01_Bam-Files/VSP0000-h4_genome.bam","samtools view -F 8 -h ./01_Bam-Files/VSP0000-h4_genome.bam | awk 'length($10) > 280 && length($10) < 300 || $1 ~ /^@/' | samtools view -b -h > ./01_Bam-Files/VSP0000-h4_genome.filt.bam","samtools view -h -q 30 -b ./01_Bam-Files/VSP0000-h4_genome.filt.bam > ./01_Bam-Files/VSP0000-h4_genome.filt.qual.bam","samtools sort -o ./01_Bam-Files/VSP0000-h4_genome.filt.qual.sorted.bam ./01_Bam-Files/VSP0000-h4_genome.filt.qual.bam","samtools index ./01_Bam-Files/VSP0000-h4_genome.filt.qual.sorted.bam","./Bin/bbmap/pileup.sh in=./01_Bam-Files/VSP0000-h4_genome.filt.qual.sorted.bam ref=nc_045512.2_rbd.fasta out=./02_Variant-Calling/VSP0000-h4_covstats.txt basecov=./02_Variant-Calling/VSP0000-h4_basecov.txt countgc=f overwrite=t 2> temp.txt","samtools mpileup ./01_Bam-Files/VSP0000-h4_genome.filt.qual.sorted.bam -f ./nc_045512.2_rbd.fasta > ./02_Variant-Calling/VSP0000-h4_pileup.tsv","./Bin/bbmap/callvariants.sh in=./01_Bam-Files/VSP0000-h4_genome.filt.qual.sorted.bam ref=nc_045512.2_rbd.fasta out=./02_Variant-Calling/VSP0000-h4_allVariants.vcf shist=./02_Variant-Calling/VSP0000-h4_variantQualityHisto.txt rarity=0 overwrite=t clearfilters","","","0.7.17-r1188","1.10 (using htslib 1.10.2-3)","1.10.2 (using htslib 1.10.2-3)","38.96"
"VSP0000","VSP0000-h5","3/21/2022","4/3/2022","VSP0000-h5_S29_RX_001.fastq.gz","y",7,100,3.905,0,"|no consensus made - coverage too low||no consensus made - too few reads|","bwa mem -M nc_045512.2_rbd.fasta 00_Raw-Data/VSP0000-h5_S29_R1_001.fastq.gz 00_Raw-Data/VSP0000-h5_S29_R2_001.fastq.gz >  ./temp_Sam-Files/VSP0000-h5_genome.sam","samtools view -S -b -h ./temp_Sam-Files/VSP0000-h5_genome.sam > ./01_Bam-Files/VSP0000-h5_genome.bam","samtools view -F 8 -h ./01_Bam-Files/VSP0000-h5_genome.bam | awk 'length($10) > 280 && length($10) < 300 || $1 ~ /^@/' | samtools view -b -h > ./01_Bam-Files/VSP0000-h5_genome.filt.bam","samtools view -h -q 30 -b ./01_Bam-Files/VSP0000-h5_genome.filt.bam > ./01_Bam-Files/VSP0000-h5_genome.filt.qual.bam","samtools sort -o ./01_Bam-Files/VSP0000-h5_genome.filt.qual.sorted.bam ./01_Bam-Files/VSP0000-h5_genome.filt.qual.bam","samtools index ./01_Bam-Files/VSP0000-h5_genome.filt.qual.sorted.bam","./Bin/bbmap/pileup.sh in=./01_Bam-Files/VSP0000-h5_genome.filt.qual.sorted.bam ref=nc_045512.2_rbd.fasta out=./02_Variant-Calling/VSP0000-h5_covstats.txt basecov=./02_Variant-Calling/VSP0000-h5_basecov.txt countgc=f overwrite=t 2> temp.txt","samtools mpileup ./01_Bam-Files/VSP0000-h5_genome.filt.qual.sorted.bam -f ./nc_045512.2_rbd.fasta > ./02_Variant-Calling/VSP0000-h5_pileup.tsv","./Bin/bbmap/callvariants.sh in=./01_Bam-Files/VSP0000-h5_genome.filt.qual.sorted.bam ref=nc_045512.2_rbd.fasta out=./02_Variant-Calling/VSP0000-h5_allVariants.vcf shist=./02_Variant-Calling/VSP0000-h5_variantQualityHisto.txt rarity=0 overwrite=t clearfilters","","","0.7.17-r1188","1.10 (using htslib 1.10.2-3)","1.10.2 (using htslib 1.10.2-3)","38.96"
"VSP0000","VSP0000-h6","3/21/2022","4/3/2022","VSP0000-h6_S30_RX_001.fastq.gz","y",6,100,3.038,0,"|no consensus made - coverage too low||no consensus made - too few reads|","bwa mem -M nc_045512.2_rbd.fasta 00_Raw-Data/VSP0000-h6_S30_R1_001.fastq.gz 00_Raw-Data/VSP0000-h6_S30_R2_001.fastq.gz >  ./temp_Sam-Files/VSP0000-h6_genome.sam","samtools view -S -b -h ./temp_Sam-Files/VSP0000-h6_genome.sam > ./01_Bam-Files/VSP0000-h6_genome.bam","samtools view -F 8 -h ./01_Bam-Files/VSP0000-h6_genome.bam | awk 'length($10) > 280 && length($10) < 300 || $1 ~ /^@/' | samtools view -b -h > ./01_Bam-Files/VSP0000-h6_genome.filt.bam","samtools view -h -q 30 -b ./01_Bam-Files/VSP0000-h6_genome.filt.bam > ./01_Bam-Files/VSP0000-h6_genome.filt.qual.bam","samtools sort -o ./01_Bam-Files/VSP0000-h6_genome.filt.qual.sorted.bam ./01_Bam-Files/VSP0000-h6_genome.filt.qual.bam","samtools index ./01_Bam-Files/VSP0000-h6_genome.filt.qual.sorted.bam","./Bin/bbmap/pileup.sh in=./01_Bam-Files/VSP0000-h6_genome.filt.qual.sorted.bam ref=nc_045512.2_rbd.fasta out=./02_Variant-Calling/VSP0000-h6_covstats.txt basecov=./02_Variant-Calling/VSP0000-h6_basecov.txt countgc=f overwrite=t 2> temp.txt","samtools mpileup ./01_Bam-Files/VSP0000-h6_genome.filt.qual.sorted.bam -f ./nc_045512.2_rbd.fasta > ./02_Variant-Calling/VSP0000-h6_pileup.tsv","./Bin/bbmap/callvariants.sh in=./01_Bam-Files/VSP0000-h6_genome.filt.qual.sorted.bam ref=nc_045512.2_rbd.fasta out=./02_Variant-Calling/VSP0000-h6_allVariants.vcf shist=./02_Variant-Calling/VSP0000-h6_variantQualityHisto.txt rarity=0 overwrite=t clearfilters","","","0.7.17-r1188","1.10 (using htslib 1.10.2-3)","1.10.2 (using htslib 1.10.2-3)","38.96"
"VSP0000","VSP0000-h7","3/21/2022","4/3/2022","VSP0000-h7_S31_RX_001.fastq.gz","y",2,100,1.135,0,"|no consensus made - coverage too low||no consensus made - too few reads|","bwa mem -M nc_045512.2_rbd.fasta 00_Raw-Data/VSP0000-h7_S31_R1_001.fastq.gz 00_Raw-Data/VSP0000-h7_S31_R2_001.fastq.gz >  ./temp_Sam-Files/VSP0000-h7_genome.sam","samtools view -S -b -h ./temp_Sam-Files/VSP0000-h7_genome.sam > ./01_Bam-Files/VSP0000-h7_genome.bam","samtools view -F 8 -h ./01_Bam-Files/VSP0000-h7_genome.bam | awk 'length($10) > 280 && length($10) < 300 || $1 ~ /^@/' | samtools view -b -h > ./01_Bam-Files/VSP0000-h7_genome.filt.bam","samtools view -h -q 30 -b ./01_Bam-Files/VSP0000-h7_genome.filt.bam > ./01_Bam-Files/VSP0000-h7_genome.filt.qual.bam","samtools sort -o ./01_Bam-Files/VSP0000-h7_genome.filt.qual.sorted.bam ./01_Bam-Files/VSP0000-h7_genome.filt.qual.bam","samtools index ./01_Bam-Files/VSP0000-h7_genome.filt.qual.sorted.bam","./Bin/bbmap/pileup.sh in=./01_Bam-Files/VSP0000-h7_genome.filt.qual.sorted.bam ref=nc_045512.2_rbd.fasta out=./02_Variant-Calling/VSP0000-h7_covstats.txt basecov=./02_Variant-Calling/VSP0000-h7_basecov.txt countgc=f overwrite=t 2> temp.txt","samtools mpileup ./01_Bam-Files/VSP0000-h7_genome.filt.qual.sorted.bam -f ./nc_045512.2_rbd.fasta > ./02_Variant-Calling/VSP0000-h7_pileup.tsv","./Bin/bbmap/callvariants.sh in=./01_Bam-Files/VSP0000-h7_genome.filt.qual.sorted.bam ref=nc_045512.2_rbd.fasta out=./02_Variant-Calling/VSP0000-h7_allVariants.vcf shist=./02_Variant-Calling/VSP0000-h7_variantQualityHisto.txt rarity=0 overwrite=t clearfilters","","","0.7.17-r1188","1.10 (using htslib 1.10.2-3)","1.10.2 (using htslib 1.10.2-3)","38.96"
"VSP0000","VSP0000-h8","3/21/2022","4/3/2022","VSP0000-h8_S32_RX_001.fastq.gz","y",50,100,18.144,0,"|no consensus made - coverage too low|","bwa mem -M nc_045512.2_rbd.fasta 00_Raw-Data/VSP0000-h8_S32_R1_001.fastq.gz 00_Raw-Data/VSP0000-h8_S32_R2_001.fastq.gz >  ./temp_Sam-Files/VSP0000-h8_genome.sam","samtools view -S -b -h ./temp_Sam-Files/VSP0000-h8_genome.sam > ./01_Bam-Files/VSP0000-h8_genome.bam","samtools view -F 8 -h ./01_Bam-Files/VSP0000-h8_genome.bam | awk 'length($10) > 280 && length($10) < 300 || $1 ~ /^@/' | samtools view -b -h > ./01_Bam-Files/VSP0000-h8_genome.filt.bam","samtools view -h -q 30 -b ./01_Bam-Files/VSP0000-h8_genome.filt.bam > ./01_Bam-Files/VSP0000-h8_genome.filt.qual.bam","samtools sort -o ./01_Bam-Files/VSP0000-h8_genome.filt.qual.sorted.bam ./01_Bam-Files/VSP0000-h8_genome.filt.qual.bam","samtools index ./01_Bam-Files/VSP0000-h8_genome.filt.qual.sorted.bam","./Bin/bbmap/pileup.sh in=./01_Bam-Files/VSP0000-h8_genome.filt.qual.sorted.bam ref=nc_045512.2_rbd.fasta out=./02_Variant-Calling/VSP0000-h8_covstats.txt basecov=./02_Variant-Calling/VSP0000-h8_basecov.txt countgc=f overwrite=t 2> temp.txt","samtools mpileup ./01_Bam-Files/VSP0000-h8_genome.filt.qual.sorted.bam -f ./nc_045512.2_rbd.fasta > ./02_Variant-Calling/VSP0000-h8_pileup.tsv","./Bin/bbmap/callvariants.sh in=./01_Bam-Files/VSP0000-h8_genome.filt.qual.sorted.bam ref=nc_045512.2_rbd.fasta out=./02_Variant-Calling/VSP0000-h8_allVariants.vcf shist=./02_Variant-Calling/VSP0000-h8_variantQualityHisto.txt rarity=0 overwrite=t clearfilters","","","0.7.17-r1188","1.10 (using htslib 1.10.2-3)","1.10.2 (using htslib 1.10.2-3)","38.96"
"VSP0000","VSP0000-h9","3/21/2022","4/3/2022","VSP0000-h9_S47_RX_001.fastq.gz","y",321,100,107.365,37.82,"|no consensus made - coverage too low|","bwa mem -M nc_045512.2_rbd.fasta 00_Raw-Data/VSP0000-h9_S47_R1_001.fastq.gz 00_Raw-Data/VSP0000-h9_S47_R2_001.fastq.gz >  ./temp_Sam-Files/VSP0000-h9_genome.sam","samtools view -S -b -h ./temp_Sam-Files/VSP0000-h9_genome.sam > ./01_Bam-Files/VSP0000-h9_genome.bam","samtools view -F 8 -h ./01_Bam-Files/VSP0000-h9_genome.bam | awk 'length($10) > 280 && length($10) < 300 || $1 ~ /^@/' | samtools view -b -h > ./01_Bam-Files/VSP0000-h9_genome.filt.bam","samtools view -h -q 30 -b ./01_Bam-Files/VSP0000-h9_genome.filt.bam > ./01_Bam-Files/VSP0000-h9_genome.filt.qual.bam","samtools sort -o ./01_Bam-Files/VSP0000-h9_genome.filt.qual.sorted.bam ./01_Bam-Files/VSP0000-h9_genome.filt.qual.bam","samtools index ./01_Bam-Files/VSP0000-h9_genome.filt.qual.sorted.bam","./Bin/bbmap/pileup.sh in=./01_Bam-Files/VSP0000-h9_genome.filt.qual.sorted.bam ref=nc_045512.2_rbd.fasta out=./02_Variant-Calling/VSP0000-h9_covstats.txt basecov=./02_Variant-Calling/VSP0000-h9_basecov.txt countgc=f overwrite=t 2> temp.txt","samtools mpileup ./01_Bam-Files/VSP0000-h9_genome.filt.qual.sorted.bam -f ./nc_045512.2_rbd.fasta > ./02_Variant-Calling/VSP0000-h9_pileup.tsv","./Bin/bbmap/callvariants.sh in=./01_Bam-Files/VSP0000-h9_genome.filt.qual.sorted.bam ref=nc_045512.2_rbd.fasta out=./02_Variant-Calling/VSP0000-h9_allVariants.vcf shist=./02_Variant-Calling/VSP0000-h9_variantQualityHisto.txt rarity=0 overwrite=t clearfilters","","","0.7.17-r1188","1.10 (using htslib 1.10.2-3)","1.10.2 (using htslib 1.10.2-3)","38.96"
"VSP3518","VSP3518-h1","11/1/2021","4/3/2022","VSP3518-h1_S17_RX_001.fastq.gz","y",47987,100,46171.667,100,"","bwa mem -M nc_045512.2_rbd.fasta 00_Raw-Data/VSP3518-h1_S17_R1_001.fastq.gz 00_Raw-Data/VSP3518-h1_S17_R2_001.fastq.gz >  ./temp_Sam-Files/VSP3518-h1_genome.sam","samtools view -S -b -h ./temp_Sam-Files/VSP3518-h1_genome.sam > ./01_Bam-Files/VSP3518-h1_genome.bam","samtools view -F 8 -h ./01_Bam-Files/VSP3518-h1_genome.bam | awk 'length($10) > 280 && length($10) < 300 || $1 ~ /^@/' | samtools view -b -h > ./01_Bam-Files/VSP3518-h1_genome.filt.bam","samtools view -h -q 30 -b ./01_Bam-Files/VSP3518-h1_genome.filt.bam > ./01_Bam-Files/VSP3518-h1_genome.filt.qual.bam","samtools sort -o ./01_Bam-Files/VSP3518-h1_genome.filt.qual.sorted.bam ./01_Bam-Files/VSP3518-h1_genome.filt.qual.bam","samtools index ./01_Bam-Files/VSP3518-h1_genome.filt.qual.sorted.bam","./Bin/bbmap/pileup.sh in=./01_Bam-Files/VSP3518-h1_genome.filt.qual.sorted.bam ref=nc_045512.2_rbd.fasta out=./02_Variant-Calling/VSP3518-h1_covstats.txt basecov=./02_Variant-Calling/VSP3518-h1_basecov.txt countgc=f overwrite=t 2> temp.txt","samtools mpileup ./01_Bam-Files/VSP3518-h1_genome.filt.qual.sorted.bam -f ./nc_045512.2_rbd.fasta > ./02_Variant-Calling/VSP3518-h1_pileup.tsv","./Bin/bbmap/callvariants.sh in=./01_Bam-Files/VSP3518-h1_genome.filt.qual.sorted.bam ref=nc_045512.2_rbd.fasta out=./02_Variant-Calling/VSP3518-h1_allVariants.vcf shist=./02_Variant-Calling/VSP3518-h1_variantQualityHisto.txt rarity=0 overwrite=t clearfilters","bcftools index ./02_Variant-Calling/VSP3518-h1_filteredVariants.vcf.gz","cat nc_045512.2_rbd.fasta | bcftools consensus ./02_Variant-Calling/VSP3518-h1_filteredVariants.vcf.gz > ./03_Consensus/VSP3518-h1_consensus.fasta","0.7.17-r1188","1.10 (using htslib 1.10.2-3)","1.10.2 (using htslib 1.10.2-3)","38.96"
"VSP3518","VSP3518-h2","11/4/2021","4/3/2022","VSP3518-h2_S18_RX_001.fastq.gz","y",5102,100,4908.529,100,"","bwa mem -M nc_045512.2_rbd.fasta 00_Raw-Data/VSP3518-h2_S18_R1_001.fastq.gz 00_Raw-Data/VSP3518-h2_S18_R2_001.fastq.gz >  ./temp_Sam-Files/VSP3518-h2_genome.sam","samtools view -S -b -h ./temp_Sam-Files/VSP3518-h2_genome.sam > ./01_Bam-Files/VSP3518-h2_genome.bam","samtools view -F 8 -h ./01_Bam-Files/VSP3518-h2_genome.bam | awk 'length($10) > 280 && length($10) < 300 || $1 ~ /^@/' | samtools view -b -h > ./01_Bam-Files/VSP3518-h2_genome.filt.bam","samtools view -h -q 30 -b ./01_Bam-Files/VSP3518-h2_genome.filt.bam > ./01_Bam-Files/VSP3518-h2_genome.filt.qual.bam","samtools sort -o ./01_Bam-Files/VSP3518-h2_genome.filt.qual.sorted.bam ./01_Bam-Files/VSP3518-h2_genome.filt.qual.bam","samtools index ./01_Bam-Files/VSP3518-h2_genome.filt.qual.sorted.bam","./Bin/bbmap/pileup.sh in=./01_Bam-Files/VSP3518-h2_genome.filt.qual.sorted.bam ref=nc_045512.2_rbd.fasta out=./02_Variant-Calling/VSP3518-h2_covstats.txt basecov=./02_Variant-Calling/VSP3518-h2_basecov.txt countgc=f overwrite=t 2> temp.txt","samtools mpileup ./01_Bam-Files/VSP3518-h2_genome.filt.qual.sorted.bam -f ./nc_045512.2_rbd.fasta > ./02_Variant-Calling/VSP3518-h2_pileup.tsv","./Bin/bbmap/callvariants.sh in=./01_Bam-Files/VSP3518-h2_genome.filt.qual.sorted.bam ref=nc_045512.2_rbd.fasta out=./02_Variant-Calling/VSP3518-h2_allVariants.vcf shist=./02_Variant-Calling/VSP3518-h2_variantQualityHisto.txt rarity=0 overwrite=t clearfilters","bcftools index ./02_Variant-Calling/VSP3518-h2_filteredVariants.vcf.gz","cat nc_045512.2_rbd.fasta | bcftools consensus ./02_Variant-Calling/VSP3518-h2_filteredVariants.vcf.gz > ./03_Consensus/VSP3518-h2_consensus.fasta","0.7.17-r1188","1.10 (using htslib 1.10.2-3)","1.10.2 (using htslib 1.10.2-3)","38.96"
"VSP3558","VSP3558-h1","","4/3/2022","VSP3558-h1_S19_RX_001.fastq.gz","y",93,100,32.876,33.45,"|no consensus made - coverage too low|","bwa mem -M nc_045512.2_rbd.fasta 00_Raw-Data/VSP3558-h1_S19_R1_001.fastq.gz 00_Raw-Data/VSP3558-h1_S19_R2_001.fastq.gz >  ./temp_Sam-Files/VSP3558-h1_genome.sam","samtools view -S -b -h ./temp_Sam-Files/VSP3558-h1_genome.sam > ./01_Bam-Files/VSP3558-h1_genome.bam","samtools view -F 8 -h ./01_Bam-Files/VSP3558-h1_genome.bam | awk 'length($10) > 280 && length($10) < 300 || $1 ~ /^@/' | samtools view -b -h > ./01_Bam-Files/VSP3558-h1_genome.filt.bam","samtools view -h -q 30 -b ./01_Bam-Files/VSP3558-h1_genome.filt.bam > ./01_Bam-Files/VSP3558-h1_genome.filt.qual.bam","samtools sort -o ./01_Bam-Files/VSP3558-h1_genome.filt.qual.sorted.bam ./01_Bam-Files/VSP3558-h1_genome.filt.qual.bam","samtools index ./01_Bam-Files/VSP3558-h1_genome.filt.qual.sorted.bam","./Bin/bbmap/pileup.sh in=./01_Bam-Files/VSP3558-h1_genome.filt.qual.sorted.bam ref=nc_045512.2_rbd.fasta out=./02_Variant-Calling/VSP3558-h1_covstats.txt basecov=./02_Variant-Calling/VSP3558-h1_basecov.txt countgc=f overwrite=t 2> temp.txt","samtools mpileup ./01_Bam-Files/VSP3558-h1_genome.filt.qual.sorted.bam -f ./nc_045512.2_rbd.fasta > ./02_Variant-Calling/VSP3558-h1_pileup.tsv","./Bin/bbmap/callvariants.sh in=./01_Bam-Files/VSP3558-h1_genome.filt.qual.sorted.bam ref=nc_045512.2_rbd.fasta out=./02_Variant-Calling/VSP3558-h1_allVariants.vcf shist=./02_Variant-Calling/VSP3558-h1_variantQualityHisto.txt rarity=0 overwrite=t clearfilters","","","0.7.17-r1188","1.10 (using htslib 1.10.2-3)","1.10.2 (using htslib 1.10.2-3)","38.96"
"VSP3558","VSP3558-h2","","4/3/2022","VSP3558-h2_S20_RX_001.fastq.gz","y",137,100,52.273,35.64,"|no consensus made - coverage too low|","bwa mem -M nc_045512.2_rbd.fasta 00_Raw-Data/VSP3558-h2_S20_R1_001.fastq.gz 00_Raw-Data/VSP3558-h2_S20_R2_001.fastq.gz >  ./temp_Sam-Files/VSP3558-h2_genome.sam","samtools view -S -b -h ./temp_Sam-Files/VSP3558-h2_genome.sam > ./01_Bam-Files/VSP3558-h2_genome.bam","samtools view -F 8 -h ./01_Bam-Files/VSP3558-h2_genome.bam | awk 'length($10) > 280 && length($10) < 300 || $1 ~ /^@/' | samtools view -b -h > ./01_Bam-Files/VSP3558-h2_genome.filt.bam","samtools view -h -q 30 -b ./01_Bam-Files/VSP3558-h2_genome.filt.bam > ./01_Bam-Files/VSP3558-h2_genome.filt.qual.bam","samtools sort -o ./01_Bam-Files/VSP3558-h2_genome.filt.qual.sorted.bam ./01_Bam-Files/VSP3558-h2_genome.filt.qual.bam","samtools index ./01_Bam-Files/VSP3558-h2_genome.filt.qual.sorted.bam","./Bin/bbmap/pileup.sh in=./01_Bam-Files/VSP3558-h2_genome.filt.qual.sorted.bam ref=nc_045512.2_rbd.fasta out=./02_Variant-Calling/VSP3558-h2_covstats.txt basecov=./02_Variant-Calling/VSP3558-h2_basecov.txt countgc=f overwrite=t 2> temp.txt","samtools mpileup ./01_Bam-Files/VSP3558-h2_genome.filt.qual.sorted.bam -f ./nc_045512.2_rbd.fasta > ./02_Variant-Calling/VSP3558-h2_pileup.tsv","./Bin/bbmap/callvariants.sh in=./01_Bam-Files/VSP3558-h2_genome.filt.qual.sorted.bam ref=nc_045512.2_rbd.fasta out=./02_Variant-Calling/VSP3558-h2_allVariants.vcf shist=./02_Variant-Calling/VSP3558-h2_variantQualityHisto.txt rarity=0 overwrite=t clearfilters","","","0.7.17-r1188","1.10 (using htslib 1.10.2-3)","1.10.2 (using htslib 1.10.2-3)","38.96"
"VSP3561","VSP3561-h1","9/17/2021","4/3/2022","VSP3561-h1_S1_RX_001.fastq.gz","y",466,100,450.542,100,"","bwa mem -M nc_045512.2_rbd.fasta 00_Raw-Data/VSP3561-h1_S1_R1_001.fastq.gz 00_Raw-Data/VSP3561-h1_S1_R2_001.fastq.gz >  ./temp_Sam-Files/VSP3561-h1_genome.sam","samtools view -S -b -h ./temp_Sam-Files/VSP3561-h1_genome.sam > ./01_Bam-Files/VSP3561-h1_genome.bam","samtools view -F 8 -h ./01_Bam-Files/VSP3561-h1_genome.bam | awk 'length($10) > 280 && length($10) < 300 || $1 ~ /^@/' | samtools view -b -h > ./01_Bam-Files/VSP3561-h1_genome.filt.bam","samtools view -h -q 30 -b ./01_Bam-Files/VSP3561-h1_genome.filt.bam > ./01_Bam-Files/VSP3561-h1_genome.filt.qual.bam","samtools sort -o ./01_Bam-Files/VSP3561-h1_genome.filt.qual.sorted.bam ./01_Bam-Files/VSP3561-h1_genome.filt.qual.bam","samtools index ./01_Bam-Files/VSP3561-h1_genome.filt.qual.sorted.bam","./Bin/bbmap/pileup.sh in=./01_Bam-Files/VSP3561-h1_genome.filt.qual.sorted.bam ref=nc_045512.2_rbd.fasta out=./02_Variant-Calling/VSP3561-h1_covstats.txt basecov=./02_Variant-Calling/VSP3561-h1_basecov.txt countgc=f overwrite=t 2> temp.txt","samtools mpileup ./01_Bam-Files/VSP3561-h1_genome.filt.qual.sorted.bam -f ./nc_045512.2_rbd.fasta > ./02_Variant-Calling/VSP3561-h1_pileup.tsv","./Bin/bbmap/callvariants.sh in=./01_Bam-Files/VSP3561-h1_genome.filt.qual.sorted.bam ref=nc_045512.2_rbd.fasta out=./02_Variant-Calling/VSP3561-h1_allVariants.vcf shist=./02_Variant-Calling/VSP3561-h1_variantQualityHisto.txt rarity=0 overwrite=t clearfilters","bcftools index ./02_Variant-Calling/VSP3561-h1_filteredVariants.vcf.gz","cat nc_045512.2_rbd.fasta | bcftools consensus ./02_Variant-Calling/VSP3561-h1_filteredVariants.vcf.gz > ./03_Consensus/VSP3561-h1_consensus.fasta","0.7.17-r1188","1.10 (using htslib 1.10.2-3)","1.10.2 (using htslib 1.10.2-3)","38.96"
"VSP3561","VSP3561-h10","9/17/2021","4/3/2022","VSP3561-h10_S10_RX_001.fastq.gz","y",197,100,185.475,100,"","bwa mem -M nc_045512.2_rbd.fasta 00_Raw-Data/VSP3561-h10_S10_R1_001.fastq.gz 00_Raw-Data/VSP3561-h10_S10_R2_001.fastq.gz >  ./temp_Sam-Files/VSP3561-h10_genome.sam","samtools view -S -b -h ./temp_Sam-Files/VSP3561-h10_genome.sam > ./01_Bam-Files/VSP3561-h10_genome.bam","samtools view -F 8 -h ./01_Bam-Files/VSP3561-h10_genome.bam | awk 'length($10) > 280 && length($10) < 300 || $1 ~ /^@/' | samtools view -b -h > ./01_Bam-Files/VSP3561-h10_genome.filt.bam","samtools view -h -q 30 -b ./01_Bam-Files/VSP3561-h10_genome.filt.bam > ./01_Bam-Files/VSP3561-h10_genome.filt.qual.bam","samtools sort -o ./01_Bam-Files/VSP3561-h10_genome.filt.qual.sorted.bam ./01_Bam-Files/VSP3561-h10_genome.filt.qual.bam","samtools index ./01_Bam-Files/VSP3561-h10_genome.filt.qual.sorted.bam","./Bin/bbmap/pileup.sh in=./01_Bam-Files/VSP3561-h10_genome.filt.qual.sorted.bam ref=nc_045512.2_rbd.fasta out=./02_Variant-Calling/VSP3561-h10_covstats.txt basecov=./02_Variant-Calling/VSP3561-h10_basecov.txt countgc=f overwrite=t 2> temp.txt","samtools mpileup ./01_Bam-Files/VSP3561-h10_genome.filt.qual.sorted.bam -f ./nc_045512.2_rbd.fasta > ./02_Variant-Calling/VSP3561-h10_pileup.tsv","./Bin/bbmap/callvariants.sh in=./01_Bam-Files/VSP3561-h10_genome.filt.qual.sorted.bam ref=nc_045512.2_rbd.fasta out=./02_Variant-Calling/VSP3561-h10_allVariants.vcf shist=./02_Variant-Calling/VSP3561-h10_variantQualityHisto.txt rarity=0 overwrite=t clearfilters","bcftools index ./02_Variant-Calling/VSP3561-h10_filteredVariants.vcf.gz","cat nc_045512.2_rbd.fasta | bcftools consensus ./02_Variant-Calling/VSP3561-h10_filteredVariants.vcf.gz > ./03_Consensus/VSP3561-h10_consensus.fasta","0.7.17-r1188","1.10 (using htslib 1.10.2-3)","1.10.2 (using htslib 1.10.2-3)","38.96"
"VSP3561","VSP3561-h11","9/17/2021","4/3/2022","VSP3561-h11_S11_RX_001.fastq.gz","y",3687,100,3605.058,100,"","bwa mem -M nc_045512.2_rbd.fasta 00_Raw-Data/VSP3561-h11_S11_R1_001.fastq.gz 00_Raw-Data/VSP3561-h11_S11_R2_001.fastq.gz >  ./temp_Sam-Files/VSP3561-h11_genome.sam","samtools view -S -b -h ./temp_Sam-Files/VSP3561-h11_genome.sam > ./01_Bam-Files/VSP3561-h11_genome.bam","samtools view -F 8 -h ./01_Bam-Files/VSP3561-h11_genome.bam | awk 'length($10) > 280 && length($10) < 300 || $1 ~ /^@/' | samtools view -b -h > ./01_Bam-Files/VSP3561-h11_genome.filt.bam","samtools view -h -q 30 -b ./01_Bam-Files/VSP3561-h11_genome.filt.bam > ./01_Bam-Files/VSP3561-h11_genome.filt.qual.bam","samtools sort -o ./01_Bam-Files/VSP3561-h11_genome.filt.qual.sorted.bam ./01_Bam-Files/VSP3561-h11_genome.filt.qual.bam","samtools index ./01_Bam-Files/VSP3561-h11_genome.filt.qual.sorted.bam","./Bin/bbmap/pileup.sh in=./01_Bam-Files/VSP3561-h11_genome.filt.qual.sorted.bam ref=nc_045512.2_rbd.fasta out=./02_Variant-Calling/VSP3561-h11_covstats.txt basecov=./02_Variant-Calling/VSP3561-h11_basecov.txt countgc=f overwrite=t 2> temp.txt","samtools mpileup ./01_Bam-Files/VSP3561-h11_genome.filt.qual.sorted.bam -f ./nc_045512.2_rbd.fasta > ./02_Variant-Calling/VSP3561-h11_pileup.tsv","./Bin/bbmap/callvariants.sh in=./01_Bam-Files/VSP3561-h11_genome.filt.qual.sorted.bam ref=nc_045512.2_rbd.fasta out=./02_Variant-Calling/VSP3561-h11_allVariants.vcf shist=./02_Variant-Calling/VSP3561-h11_variantQualityHisto.txt rarity=0 overwrite=t clearfilters","bcftools index ./02_Variant-Calling/VSP3561-h11_filteredVariants.vcf.gz","cat nc_045512.2_rbd.fasta | bcftools consensus ./02_Variant-Calling/VSP3561-h11_filteredVariants.vcf.gz > ./03_Consensus/VSP3561-h11_consensus.fasta","0.7.17-r1188","1.10 (using htslib 1.10.2-3)","1.10.2 (using htslib 1.10.2-3)","38.96"
"VSP3561","VSP3561-h12","9/17/2021","4/3/2022","VSP3561-h12_S12_RX_001.fastq.gz","y",915,100,894.295,100,"","bwa mem -M nc_045512.2_rbd.fasta 00_Raw-Data/VSP3561-h12_S12_R1_001.fastq.gz 00_Raw-Data/VSP3561-h12_S12_R2_001.fastq.gz >  ./temp_Sam-Files/VSP3561-h12_genome.sam","samtools view -S -b -h ./temp_Sam-Files/VSP3561-h12_genome.sam > ./01_Bam-Files/VSP3561-h12_genome.bam","samtools view -F 8 -h ./01_Bam-Files/VSP3561-h12_genome.bam | awk 'length($10) > 280 && length($10) < 300 || $1 ~ /^@/' | samtools view -b -h > ./01_Bam-Files/VSP3561-h12_genome.filt.bam","samtools view -h -q 30 -b ./01_Bam-Files/VSP3561-h12_genome.filt.bam > ./01_Bam-Files/VSP3561-h12_genome.filt.qual.bam","samtools sort -o ./01_Bam-Files/VSP3561-h12_genome.filt.qual.sorted.bam ./01_Bam-Files/VSP3561-h12_genome.filt.qual.bam","samtools index ./01_Bam-Files/VSP3561-h12_genome.filt.qual.sorted.bam","./Bin/bbmap/pileup.sh in=./01_Bam-Files/VSP3561-h12_genome.filt.qual.sorted.bam ref=nc_045512.2_rbd.fasta out=./02_Variant-Calling/VSP3561-h12_covstats.txt basecov=./02_Variant-Calling/VSP3561-h12_basecov.txt countgc=f overwrite=t 2> temp.txt","samtools mpileup ./01_Bam-Files/VSP3561-h12_genome.filt.qual.sorted.bam -f ./nc_045512.2_rbd.fasta > ./02_Variant-Calling/VSP3561-h12_pileup.tsv","./Bin/bbmap/callvariants.sh in=./01_Bam-Files/VSP3561-h12_genome.filt.qual.sorted.bam ref=nc_045512.2_rbd.fasta out=./02_Variant-Calling/VSP3561-h12_allVariants.vcf shist=./02_Variant-Calling/VSP3561-h12_variantQualityHisto.txt rarity=0 overwrite=t clearfilters","bcftools index ./02_Variant-Calling/VSP3561-h12_filteredVariants.vcf.gz","cat nc_045512.2_rbd.fasta | bcftools consensus ./02_Variant-Calling/VSP3561-h12_filteredVariants.vcf.gz > ./03_Consensus/VSP3561-h12_consensus.fasta","0.7.17-r1188","1.10 (using htslib 1.10.2-3)","1.10.2 (using htslib 1.10.2-3)","38.96"
"VSP3561","VSP3561-h2","9/17/2021","4/3/2022","VSP3561-h2_S2_RX_001.fastq.gz","y",12397,100,11908.805,100,"","bwa mem -M nc_045512.2_rbd.fasta 00_Raw-Data/VSP3561-h2_S2_R1_001.fastq.gz 00_Raw-Data/VSP3561-h2_S2_R2_001.fastq.gz >  ./temp_Sam-Files/VSP3561-h2_genome.sam","samtools view -S -b -h ./temp_Sam-Files/VSP3561-h2_genome.sam > ./01_Bam-Files/VSP3561-h2_genome.bam","samtools view -F 8 -h ./01_Bam-Files/VSP3561-h2_genome.bam | awk 'length($10) > 280 && length($10) < 300 || $1 ~ /^@/' | samtools view -b -h > ./01_Bam-Files/VSP3561-h2_genome.filt.bam","samtools view -h -q 30 -b ./01_Bam-Files/VSP3561-h2_genome.filt.bam > ./01_Bam-Files/VSP3561-h2_genome.filt.qual.bam","samtools sort -o ./01_Bam-Files/VSP3561-h2_genome.filt.qual.sorted.bam ./01_Bam-Files/VSP3561-h2_genome.filt.qual.bam","samtools index ./01_Bam-Files/VSP3561-h2_genome.filt.qual.sorted.bam","./Bin/bbmap/pileup.sh in=./01_Bam-Files/VSP3561-h2_genome.filt.qual.sorted.bam ref=nc_045512.2_rbd.fasta out=./02_Variant-Calling/VSP3561-h2_covstats.txt basecov=./02_Variant-Calling/VSP3561-h2_basecov.txt countgc=f overwrite=t 2> temp.txt","samtools mpileup ./01_Bam-Files/VSP3561-h2_genome.filt.qual.sorted.bam -f ./nc_045512.2_rbd.fasta > ./02_Variant-Calling/VSP3561-h2_pileup.tsv","./Bin/bbmap/callvariants.sh in=./01_Bam-Files/VSP3561-h2_genome.filt.qual.sorted.bam ref=nc_045512.2_rbd.fasta out=./02_Variant-Calling/VSP3561-h2_allVariants.vcf shist=./02_Variant-Calling/VSP3561-h2_variantQualityHisto.txt rarity=0 overwrite=t clearfilters","bcftools index ./02_Variant-Calling/VSP3561-h2_filteredVariants.vcf.gz","cat nc_045512.2_rbd.fasta | bcftools consensus ./02_Variant-Calling/VSP3561-h2_filteredVariants.vcf.gz > ./03_Consensus/VSP3561-h2_consensus.fasta","0.7.17-r1188","1.10 (using htslib 1.10.2-3)","1.10.2 (using htslib 1.10.2-3)","38.96"
"VSP3561","VSP3561-h4","9/17/2021","4/3/2022","VSP3561-h4_S4_RX_001.fastq.gz","y",7444,100,7146.667,100,"","bwa mem -M nc_045512.2_rbd.fasta 00_Raw-Data/VSP3561-h4_S4_R1_001.fastq.gz 00_Raw-Data/VSP3561-h4_S4_R2_001.fastq.gz >  ./temp_Sam-Files/VSP3561-h4_genome.sam","samtools view -S -b -h ./temp_Sam-Files/VSP3561-h4_genome.sam > ./01_Bam-Files/VSP3561-h4_genome.bam","samtools view -F 8 -h ./01_Bam-Files/VSP3561-h4_genome.bam | awk 'length($10) > 280 && length($10) < 300 || $1 ~ /^@/' | samtools view -b -h > ./01_Bam-Files/VSP3561-h4_genome.filt.bam","samtools view -h -q 30 -b ./01_Bam-Files/VSP3561-h4_genome.filt.bam > ./01_Bam-Files/VSP3561-h4_genome.filt.qual.bam","samtools sort -o ./01_Bam-Files/VSP3561-h4_genome.filt.qual.sorted.bam ./01_Bam-Files/VSP3561-h4_genome.filt.qual.bam","samtools index ./01_Bam-Files/VSP3561-h4_genome.filt.qual.sorted.bam","./Bin/bbmap/pileup.sh in=./01_Bam-Files/VSP3561-h4_genome.filt.qual.sorted.bam ref=nc_045512.2_rbd.fasta out=./02_Variant-Calling/VSP3561-h4_covstats.txt basecov=./02_Variant-Calling/VSP3561-h4_basecov.txt countgc=f overwrite=t 2> temp.txt","samtools mpileup ./01_Bam-Files/VSP3561-h4_genome.filt.qual.sorted.bam -f ./nc_045512.2_rbd.fasta > ./02_Variant-Calling/VSP3561-h4_pileup.tsv","./Bin/bbmap/callvariants.sh in=./01_Bam-Files/VSP3561-h4_genome.filt.qual.sorted.bam ref=nc_045512.2_rbd.fasta out=./02_Variant-Calling/VSP3561-h4_allVariants.vcf shist=./02_Variant-Calling/VSP3561-h4_variantQualityHisto.txt rarity=0 overwrite=t clearfilters","bcftools index ./02_Variant-Calling/VSP3561-h4_filteredVariants.vcf.gz","cat nc_045512.2_rbd.fasta | bcftools consensus ./02_Variant-Calling/VSP3561-h4_filteredVariants.vcf.gz > ./03_Consensus/VSP3561-h4_consensus.fasta","0.7.17-r1188","1.10 (using htslib 1.10.2-3)","1.10.2 (using htslib 1.10.2-3)","38.96"
"VSP3561","VSP3561-h5","9/17/2021","4/3/2022","VSP3561-h5_S5_RX_001.fastq.gz","y",2400,100,2311.429,100,"","bwa mem -M nc_045512.2_rbd.fasta 00_Raw-Data/VSP3561-h5_S5_R1_001.fastq.gz 00_Raw-Data/VSP3561-h5_S5_R2_001.fastq.gz >  ./temp_Sam-Files/VSP3561-h5_genome.sam","samtools view -S -b -h ./temp_Sam-Files/VSP3561-h5_genome.sam > ./01_Bam-Files/VSP3561-h5_genome.bam","samtools view -F 8 -h ./01_Bam-Files/VSP3561-h5_genome.bam | awk 'length($10) > 280 && length($10) < 300 || $1 ~ /^@/' | samtools view -b -h > ./01_Bam-Files/VSP3561-h5_genome.filt.bam","samtools view -h -q 30 -b ./01_Bam-Files/VSP3561-h5_genome.filt.bam > ./01_Bam-Files/VSP3561-h5_genome.filt.qual.bam","samtools sort -o ./01_Bam-Files/VSP3561-h5_genome.filt.qual.sorted.bam ./01_Bam-Files/VSP3561-h5_genome.filt.qual.bam","samtools index ./01_Bam-Files/VSP3561-h5_genome.filt.qual.sorted.bam","./Bin/bbmap/pileup.sh in=./01_Bam-Files/VSP3561-h5_genome.filt.qual.sorted.bam ref=nc_045512.2_rbd.fasta out=./02_Variant-Calling/VSP3561-h5_covstats.txt basecov=./02_Variant-Calling/VSP3561-h5_basecov.txt countgc=f overwrite=t 2> temp.txt","samtools mpileup ./01_Bam-Files/VSP3561-h5_genome.filt.qual.sorted.bam -f ./nc_045512.2_rbd.fasta > ./02_Variant-Calling/VSP3561-h5_pileup.tsv","./Bin/bbmap/callvariants.sh in=./01_Bam-Files/VSP3561-h5_genome.filt.qual.sorted.bam ref=nc_045512.2_rbd.fasta out=./02_Variant-Calling/VSP3561-h5_allVariants.vcf shist=./02_Variant-Calling/VSP3561-h5_variantQualityHisto.txt rarity=0 overwrite=t clearfilters","bcftools index ./02_Variant-Calling/VSP3561-h5_filteredVariants.vcf.gz","cat nc_045512.2_rbd.fasta | bcftools consensus ./02_Variant-Calling/VSP3561-h5_filteredVariants.vcf.gz > ./03_Consensus/VSP3561-h5_consensus.fasta","0.7.17-r1188","1.10 (using htslib 1.10.2-3)","1.10.2 (using htslib 1.10.2-3)","38.96"
"VSP3561","VSP3561-h6","9/17/2021","4/3/2022","VSP3561-h6_S6_RX_001.fastq.gz","y",4362,100,4217.447,100,"","bwa mem -M nc_045512.2_rbd.fasta 00_Raw-Data/VSP3561-h6_S6_R1_001.fastq.gz 00_Raw-Data/VSP3561-h6_S6_R2_001.fastq.gz >  ./temp_Sam-Files/VSP3561-h6_genome.sam","samtools view -S -b -h ./temp_Sam-Files/VSP3561-h6_genome.sam > ./01_Bam-Files/VSP3561-h6_genome.bam","samtools view -F 8 -h ./01_Bam-Files/VSP3561-h6_genome.bam | awk 'length($10) > 280 && length($10) < 300 || $1 ~ /^@/' | samtools view -b -h > ./01_Bam-Files/VSP3561-h6_genome.filt.bam","samtools view -h -q 30 -b ./01_Bam-Files/VSP3561-h6_genome.filt.bam > ./01_Bam-Files/VSP3561-h6_genome.filt.qual.bam","samtools sort -o ./01_Bam-Files/VSP3561-h6_genome.filt.qual.sorted.bam ./01_Bam-Files/VSP3561-h6_genome.filt.qual.bam","samtools index ./01_Bam-Files/VSP3561-h6_genome.filt.qual.sorted.bam","./Bin/bbmap/pileup.sh in=./01_Bam-Files/VSP3561-h6_genome.filt.qual.sorted.bam ref=nc_045512.2_rbd.fasta out=./02_Variant-Calling/VSP3561-h6_covstats.txt basecov=./02_Variant-Calling/VSP3561-h6_basecov.txt countgc=f overwrite=t 2> temp.txt","samtools mpileup ./01_Bam-Files/VSP3561-h6_genome.filt.qual.sorted.bam -f ./nc_045512.2_rbd.fasta > ./02_Variant-Calling/VSP3561-h6_pileup.tsv","./Bin/bbmap/callvariants.sh in=./01_Bam-Files/VSP3561-h6_genome.filt.qual.sorted.bam ref=nc_045512.2_rbd.fasta out=./02_Variant-Calling/VSP3561-h6_allVariants.vcf shist=./02_Variant-Calling/VSP3561-h6_variantQualityHisto.txt rarity=0 overwrite=t clearfilters","bcftools index ./02_Variant-Calling/VSP3561-h6_filteredVariants.vcf.gz","cat nc_045512.2_rbd.fasta | bcftools consensus ./02_Variant-Calling/VSP3561-h6_filteredVariants.vcf.gz > ./03_Consensus/VSP3561-h6_consensus.fasta","0.7.17-r1188","1.10 (using htslib 1.10.2-3)","1.10.2 (using htslib 1.10.2-3)","38.96"
"VSP3561","VSP3561-h7","9/17/2021","4/3/2022","VSP3561-h7_S7_RX_001.fastq.gz","y",548,100,523.44,100,"","bwa mem -M nc_045512.2_rbd.fasta 00_Raw-Data/VSP3561-h7_S7_R1_001.fastq.gz 00_Raw-Data/VSP3561-h7_S7_R2_001.fastq.gz >  ./temp_Sam-Files/VSP3561-h7_genome.sam","samtools view -S -b -h ./temp_Sam-Files/VSP3561-h7_genome.sam > ./01_Bam-Files/VSP3561-h7_genome.bam","samtools view -F 8 -h ./01_Bam-Files/VSP3561-h7_genome.bam | awk 'length($10) > 280 && length($10) < 300 || $1 ~ /^@/' | samtools view -b -h > ./01_Bam-Files/VSP3561-h7_genome.filt.bam","samtools view -h -q 30 -b ./01_Bam-Files/VSP3561-h7_genome.filt.bam > ./01_Bam-Files/VSP3561-h7_genome.filt.qual.bam","samtools sort -o ./01_Bam-Files/VSP3561-h7_genome.filt.qual.sorted.bam ./01_Bam-Files/VSP3561-h7_genome.filt.qual.bam","samtools index ./01_Bam-Files/VSP3561-h7_genome.filt.qual.sorted.bam","./Bin/bbmap/pileup.sh in=./01_Bam-Files/VSP3561-h7_genome.filt.qual.sorted.bam ref=nc_045512.2_rbd.fasta out=./02_Variant-Calling/VSP3561-h7_covstats.txt basecov=./02_Variant-Calling/VSP3561-h7_basecov.txt countgc=f overwrite=t 2> temp.txt","samtools mpileup ./01_Bam-Files/VSP3561-h7_genome.filt.qual.sorted.bam -f ./nc_045512.2_rbd.fasta > ./02_Variant-Calling/VSP3561-h7_pileup.tsv","./Bin/bbmap/callvariants.sh in=./01_Bam-Files/VSP3561-h7_genome.filt.qual.sorted.bam ref=nc_045512.2_rbd.fasta out=./02_Variant-Calling/VSP3561-h7_allVariants.vcf shist=./02_Variant-Calling/VSP3561-h7_variantQualityHisto.txt rarity=0 overwrite=t clearfilters","bcftools index ./02_Variant-Calling/VSP3561-h7_filteredVariants.vcf.gz","cat nc_045512.2_rbd.fasta | bcftools consensus ./02_Variant-Calling/VSP3561-h7_filteredVariants.vcf.gz > ./03_Consensus/VSP3561-h7_consensus.fasta","0.7.17-r1188","1.10 (using htslib 1.10.2-3)","1.10.2 (using htslib 1.10.2-3)","38.96"
"VSP3561","VSP3561-h9","9/17/2021","4/3/2022","VSP3561-h9_S9_RX_001.fastq.gz","y",3804,100,3660.449,100,"","bwa mem -M nc_045512.2_rbd.fasta 00_Raw-Data/VSP3561-h9_S9_R1_001.fastq.gz 00_Raw-Data/VSP3561-h9_S9_R2_001.fastq.gz >  ./temp_Sam-Files/VSP3561-h9_genome.sam","samtools view -S -b -h ./temp_Sam-Files/VSP3561-h9_genome.sam > ./01_Bam-Files/VSP3561-h9_genome.bam","samtools view -F 8 -h ./01_Bam-Files/VSP3561-h9_genome.bam | awk 'length($10) > 280 && length($10) < 300 || $1 ~ /^@/' | samtools view -b -h > ./01_Bam-Files/VSP3561-h9_genome.filt.bam","samtools view -h -q 30 -b ./01_Bam-Files/VSP3561-h9_genome.filt.bam > ./01_Bam-Files/VSP3561-h9_genome.filt.qual.bam","samtools sort -o ./01_Bam-Files/VSP3561-h9_genome.filt.qual.sorted.bam ./01_Bam-Files/VSP3561-h9_genome.filt.qual.bam","samtools index ./01_Bam-Files/VSP3561-h9_genome.filt.qual.sorted.bam","./Bin/bbmap/pileup.sh in=./01_Bam-Files/VSP3561-h9_genome.filt.qual.sorted.bam ref=nc_045512.2_rbd.fasta out=./02_Variant-Calling/VSP3561-h9_covstats.txt basecov=./02_Variant-Calling/VSP3561-h9_basecov.txt countgc=f overwrite=t 2> temp.txt","samtools mpileup ./01_Bam-Files/VSP3561-h9_genome.filt.qual.sorted.bam -f ./nc_045512.2_rbd.fasta > ./02_Variant-Calling/VSP3561-h9_pileup.tsv","./Bin/bbmap/callvariants.sh in=./01_Bam-Files/VSP3561-h9_genome.filt.qual.sorted.bam ref=nc_045512.2_rbd.fasta out=./02_Variant-Calling/VSP3561-h9_allVariants.vcf shist=./02_Variant-Calling/VSP3561-h9_variantQualityHisto.txt rarity=0 overwrite=t clearfilters","bcftools index ./02_Variant-Calling/VSP3561-h9_filteredVariants.vcf.gz","cat nc_045512.2_rbd.fasta | bcftools consensus ./02_Variant-Calling/VSP3561-h9_filteredVariants.vcf.gz > ./03_Consensus/VSP3561-h9_consensus.fasta","0.7.17-r1188","1.10 (using htslib 1.10.2-3)","1.10.2 (using htslib 1.10.2-3)","38.96"
"VSP3562","VSP3562-h1","9/24/2021","4/3/2022","VSP3562-h1_S21_RX_001.fastq.gz","y",25455,100,24674.36,100,"","bwa mem -M nc_045512.2_rbd.fasta 00_Raw-Data/VSP3562-h1_S21_R1_001.fastq.gz 00_Raw-Data/VSP3562-h1_S21_R2_001.fastq.gz >  ./temp_Sam-Files/VSP3562-h1_genome.sam","samtools view -S -b -h ./temp_Sam-Files/VSP3562-h1_genome.sam > ./01_Bam-Files/VSP3562-h1_genome.bam","samtools view -F 8 -h ./01_Bam-Files/VSP3562-h1_genome.bam | awk 'length($10) > 280 && length($10) < 300 || $1 ~ /^@/' | samtools view -b -h > ./01_Bam-Files/VSP3562-h1_genome.filt.bam","samtools view -h -q 30 -b ./01_Bam-Files/VSP3562-h1_genome.filt.bam > ./01_Bam-Files/VSP3562-h1_genome.filt.qual.bam","samtools sort -o ./01_Bam-Files/VSP3562-h1_genome.filt.qual.sorted.bam ./01_Bam-Files/VSP3562-h1_genome.filt.qual.bam","samtools index ./01_Bam-Files/VSP3562-h1_genome.filt.qual.sorted.bam","./Bin/bbmap/pileup.sh in=./01_Bam-Files/VSP3562-h1_genome.filt.qual.sorted.bam ref=nc_045512.2_rbd.fasta out=./02_Variant-Calling/VSP3562-h1_covstats.txt basecov=./02_Variant-Calling/VSP3562-h1_basecov.txt countgc=f overwrite=t 2> temp.txt","samtools mpileup ./01_Bam-Files/VSP3562-h1_genome.filt.qual.sorted.bam -f ./nc_045512.2_rbd.fasta > ./02_Variant-Calling/VSP3562-h1_pileup.tsv","./Bin/bbmap/callvariants.sh in=./01_Bam-Files/VSP3562-h1_genome.filt.qual.sorted.bam ref=nc_045512.2_rbd.fasta out=./02_Variant-Calling/VSP3562-h1_allVariants.vcf shist=./02_Variant-Calling/VSP3562-h1_variantQualityHisto.txt rarity=0 overwrite=t clearfilters","bcftools index ./02_Variant-Calling/VSP3562-h1_filteredVariants.vcf.gz","cat nc_045512.2_rbd.fasta | bcftools consensus ./02_Variant-Calling/VSP3562-h1_filteredVariants.vcf.gz > ./03_Consensus/VSP3562-h1_consensus.fasta","0.7.17-r1188","1.10 (using htslib 1.10.2-3)","1.10.2 (using htslib 1.10.2-3)","38.96"
"VSP3562","VSP3562-h2","9/24/2021","4/3/2022","VSP3562-h2_S22_RX_001.fastq.gz","y",9339,100,9063.875,100,"","bwa mem -M nc_045512.2_rbd.fasta 00_Raw-Data/VSP3562-h2_S22_R1_001.fastq.gz 00_Raw-Data/VSP3562-h2_S22_R2_001.fastq.gz >  ./temp_Sam-Files/VSP3562-h2_genome.sam","samtools view -S -b -h ./temp_Sam-Files/VSP3562-h2_genome.sam > ./01_Bam-Files/VSP3562-h2_genome.bam","samtools view -F 8 -h ./01_Bam-Files/VSP3562-h2_genome.bam | awk 'length($10) > 280 && length($10) < 300 || $1 ~ /^@/' | samtools view -b -h > ./01_Bam-Files/VSP3562-h2_genome.filt.bam","samtools view -h -q 30 -b ./01_Bam-Files/VSP3562-h2_genome.filt.bam > ./01_Bam-Files/VSP3562-h2_genome.filt.qual.bam","samtools sort -o ./01_Bam-Files/VSP3562-h2_genome.filt.qual.sorted.bam ./01_Bam-Files/VSP3562-h2_genome.filt.qual.bam","samtools index ./01_Bam-Files/VSP3562-h2_genome.filt.qual.sorted.bam","./Bin/bbmap/pileup.sh in=./01_Bam-Files/VSP3562-h2_genome.filt.qual.sorted.bam ref=nc_045512.2_rbd.fasta out=./02_Variant-Calling/VSP3562-h2_covstats.txt basecov=./02_Variant-Calling/VSP3562-h2_basecov.txt countgc=f overwrite=t 2> temp.txt","samtools mpileup ./01_Bam-Files/VSP3562-h2_genome.filt.qual.sorted.bam -f ./nc_045512.2_rbd.fasta > ./02_Variant-Calling/VSP3562-h2_pileup.tsv","./Bin/bbmap/callvariants.sh in=./01_Bam-Files/VSP3562-h2_genome.filt.qual.sorted.bam ref=nc_045512.2_rbd.fasta out=./02_Variant-Calling/VSP3562-h2_allVariants.vcf shist=./02_Variant-Calling/VSP3562-h2_variantQualityHisto.txt rarity=0 overwrite=t clearfilters","bcftools index ./02_Variant-Calling/VSP3562-h2_filteredVariants.vcf.gz","cat nc_045512.2_rbd.fasta | bcftools consensus ./02_Variant-Calling/VSP3562-h2_filteredVariants.vcf.gz > ./03_Consensus/VSP3562-h2_consensus.fasta","0.7.17-r1188","1.10 (using htslib 1.10.2-3)","1.10.2 (using htslib 1.10.2-3)","38.96"
"VSP3594","VSP3594-h1","1/19/2022","4/3/2022","VSP3594-h1_S23_RX_001.fastq.gz","y",2441,100,2256.469,100,"","bwa mem -M nc_045512.2_rbd.fasta 00_Raw-Data/VSP3594-h1_S23_R1_001.fastq.gz 00_Raw-Data/VSP3594-h1_S23_R2_001.fastq.gz >  ./temp_Sam-Files/VSP3594-h1_genome.sam","samtools view -S -b -h ./temp_Sam-Files/VSP3594-h1_genome.sam > ./01_Bam-Files/VSP3594-h1_genome.bam","samtools view -F 8 -h ./01_Bam-Files/VSP3594-h1_genome.bam | awk 'length($10) > 280 && length($10) < 300 || $1 ~ /^@/' | samtools view -b -h > ./01_Bam-Files/VSP3594-h1_genome.filt.bam","samtools view -h -q 30 -b ./01_Bam-Files/VSP3594-h1_genome.filt.bam > ./01_Bam-Files/VSP3594-h1_genome.filt.qual.bam","samtools sort -o ./01_Bam-Files/VSP3594-h1_genome.filt.qual.sorted.bam ./01_Bam-Files/VSP3594-h1_genome.filt.qual.bam","samtools index ./01_Bam-Files/VSP3594-h1_genome.filt.qual.sorted.bam","./Bin/bbmap/pileup.sh in=./01_Bam-Files/VSP3594-h1_genome.filt.qual.sorted.bam ref=nc_045512.2_rbd.fasta out=./02_Variant-Calling/VSP3594-h1_covstats.txt basecov=./02_Variant-Calling/VSP3594-h1_basecov.txt countgc=f overwrite=t 2> temp.txt","samtools mpileup ./01_Bam-Files/VSP3594-h1_genome.filt.qual.sorted.bam -f ./nc_045512.2_rbd.fasta > ./02_Variant-Calling/VSP3594-h1_pileup.tsv","./Bin/bbmap/callvariants.sh in=./01_Bam-Files/VSP3594-h1_genome.filt.qual.sorted.bam ref=nc_045512.2_rbd.fasta out=./02_Variant-Calling/VSP3594-h1_allVariants.vcf shist=./02_Variant-Calling/VSP3594-h1_variantQualityHisto.txt rarity=0 overwrite=t clearfilters","bcftools index ./02_Variant-Calling/VSP3594-h1_filteredVariants.vcf.gz","cat nc_045512.2_rbd.fasta | bcftools consensus ./02_Variant-Calling/VSP3594-h1_filteredVariants.vcf.gz > ./03_Consensus/VSP3594-h1_consensus.fasta","0.7.17-r1188","1.10 (using htslib 1.10.2-3)","1.10.2 (using htslib 1.10.2-3)","38.96"
"VSP3594","VSP3594-h2","1/19/2022","4/3/2022","VSP3594-h2_S24_RX_001.fastq.gz","y",3952,100,3757.442,100,"","bwa mem -M nc_045512.2_rbd.fasta 00_Raw-Data/VSP3594-h2_S24_R1_001.fastq.gz 00_Raw-Data/VSP3594-h2_S24_R2_001.fastq.gz >  ./temp_Sam-Files/VSP3594-h2_genome.sam","samtools view -S -b -h ./temp_Sam-Files/VSP3594-h2_genome.sam > ./01_Bam-Files/VSP3594-h2_genome.bam","samtools view -F 8 -h ./01_Bam-Files/VSP3594-h2_genome.bam | awk 'length($10) > 280 && length($10) < 300 || $1 ~ /^@/' | samtools view -b -h > ./01_Bam-Files/VSP3594-h2_genome.filt.bam","samtools view -h -q 30 -b ./01_Bam-Files/VSP3594-h2_genome.filt.bam > ./01_Bam-Files/VSP3594-h2_genome.filt.qual.bam","samtools sort -o ./01_Bam-Files/VSP3594-h2_genome.filt.qual.sorted.bam ./01_Bam-Files/VSP3594-h2_genome.filt.qual.bam","samtools index ./01_Bam-Files/VSP3594-h2_genome.filt.qual.sorted.bam","./Bin/bbmap/pileup.sh in=./01_Bam-Files/VSP3594-h2_genome.filt.qual.sorted.bam ref=nc_045512.2_rbd.fasta out=./02_Variant-Calling/VSP3594-h2_covstats.txt basecov=./02_Variant-Calling/VSP3594-h2_basecov.txt countgc=f overwrite=t 2> temp.txt","samtools mpileup ./01_Bam-Files/VSP3594-h2_genome.filt.qual.sorted.bam -f ./nc_045512.2_rbd.fasta > ./02_Variant-Calling/VSP3594-h2_pileup.tsv","./Bin/bbmap/callvariants.sh in=./01_Bam-Files/VSP3594-h2_genome.filt.qual.sorted.bam ref=nc_045512.2_rbd.fasta out=./02_Variant-Calling/VSP3594-h2_allVariants.vcf shist=./02_Variant-Calling/VSP3594-h2_variantQualityHisto.txt rarity=0 overwrite=t clearfilters","bcftools index ./02_Variant-Calling/VSP3594-h2_filteredVariants.vcf.gz","cat nc_045512.2_rbd.fasta | bcftools consensus ./02_Variant-Calling/VSP3594-h2_filteredVariants.vcf.gz > ./03_Consensus/VSP3594-h2_consensus.fasta","0.7.17-r1188","1.10 (using htslib 1.10.2-3)","1.10.2 (using htslib 1.10.2-3)","38.96"
"VSP3597","VSP3597-h1","1/19/2022","4/3/2022","VSP3597-h1_S25_RX_001.fastq.gz","y",1253,100,1167.531,100,"","bwa mem -M nc_045512.2_rbd.fasta 00_Raw-Data/VSP3597-h1_S25_R1_001.fastq.gz 00_Raw-Data/VSP3597-h1_S25_R2_001.fastq.gz >  ./temp_Sam-Files/VSP3597-h1_genome.sam","samtools view -S -b -h ./temp_Sam-Files/VSP3597-h1_genome.sam > ./01_Bam-Files/VSP3597-h1_genome.bam","samtools view -F 8 -h ./01_Bam-Files/VSP3597-h1_genome.bam | awk 'length($10) > 280 && length($10) < 300 || $1 ~ /^@/' | samtools view -b -h > ./01_Bam-Files/VSP3597-h1_genome.filt.bam","samtools view -h -q 30 -b ./01_Bam-Files/VSP3597-h1_genome.filt.bam > ./01_Bam-Files/VSP3597-h1_genome.filt.qual.bam","samtools sort -o ./01_Bam-Files/VSP3597-h1_genome.filt.qual.sorted.bam ./01_Bam-Files/VSP3597-h1_genome.filt.qual.bam","samtools index ./01_Bam-Files/VSP3597-h1_genome.filt.qual.sorted.bam","./Bin/bbmap/pileup.sh in=./01_Bam-Files/VSP3597-h1_genome.filt.qual.sorted.bam ref=nc_045512.2_rbd.fasta out=./02_Variant-Calling/VSP3597-h1_covstats.txt basecov=./02_Variant-Calling/VSP3597-h1_basecov.txt countgc=f overwrite=t 2> temp.txt","samtools mpileup ./01_Bam-Files/VSP3597-h1_genome.filt.qual.sorted.bam -f ./nc_045512.2_rbd.fasta > ./02_Variant-Calling/VSP3597-h1_pileup.tsv","./Bin/bbmap/callvariants.sh in=./01_Bam-Files/VSP3597-h1_genome.filt.qual.sorted.bam ref=nc_045512.2_rbd.fasta out=./02_Variant-Calling/VSP3597-h1_allVariants.vcf shist=./02_Variant-Calling/VSP3597-h1_variantQualityHisto.txt rarity=0 overwrite=t clearfilters","bcftools index ./02_Variant-Calling/VSP3597-h1_filteredVariants.vcf.gz","cat nc_045512.2_rbd.fasta | bcftools consensus ./02_Variant-Calling/VSP3597-h1_filteredVariants.vcf.gz > ./03_Consensus/VSP3597-h1_consensus.fasta","0.7.17-r1188","1.10 (using htslib 1.10.2-3)","1.10.2 (using htslib 1.10.2-3)","38.96"
"VSP3597","VSP3597-h2","1/19/2022","4/3/2022","VSP3597-h2_S26_RX_001.fastq.gz","y",2989,100,2843.836,100,"","bwa mem -M nc_045512.2_rbd.fasta 00_Raw-Data/VSP3597-h2_S26_R1_001.fastq.gz 00_Raw-Data/VSP3597-h2_S26_R2_001.fastq.gz >  ./temp_Sam-Files/VSP3597-h2_genome.sam","samtools view -S -b -h ./temp_Sam-Files/VSP3597-h2_genome.sam > ./01_Bam-Files/VSP3597-h2_genome.bam","samtools view -F 8 -h ./01_Bam-Files/VSP3597-h2_genome.bam | awk 'length($10) > 280 && length($10) < 300 || $1 ~ /^@/' | samtools view -b -h > ./01_Bam-Files/VSP3597-h2_genome.filt.bam","samtools view -h -q 30 -b ./01_Bam-Files/VSP3597-h2_genome.filt.bam > ./01_Bam-Files/VSP3597-h2_genome.filt.qual.bam","samtools sort -o ./01_Bam-Files/VSP3597-h2_genome.filt.qual.sorted.bam ./01_Bam-Files/VSP3597-h2_genome.filt.qual.bam","samtools index ./01_Bam-Files/VSP3597-h2_genome.filt.qual.sorted.bam","./Bin/bbmap/pileup.sh in=./01_Bam-Files/VSP3597-h2_genome.filt.qual.sorted.bam ref=nc_045512.2_rbd.fasta out=./02_Variant-Calling/VSP3597-h2_covstats.txt basecov=./02_Variant-Calling/VSP3597-h2_basecov.txt countgc=f overwrite=t 2> temp.txt","samtools mpileup ./01_Bam-Files/VSP3597-h2_genome.filt.qual.sorted.bam -f ./nc_045512.2_rbd.fasta > ./02_Variant-Calling/VSP3597-h2_pileup.tsv","./Bin/bbmap/callvariants.sh in=./01_Bam-Files/VSP3597-h2_genome.filt.qual.sorted.bam ref=nc_045512.2_rbd.fasta out=./02_Variant-Calling/VSP3597-h2_allVariants.vcf shist=./02_Variant-Calling/VSP3597-h2_variantQualityHisto.txt rarity=0 overwrite=t clearfilters","bcftools index ./02_Variant-Calling/VSP3597-h2_filteredVariants.vcf.gz","cat nc_045512.2_rbd.fasta | bcftools consensus ./02_Variant-Calling/VSP3597-h2_filteredVariants.vcf.gz > ./03_Consensus/VSP3597-h2_consensus.fasta","0.7.17-r1188","1.10 (using htslib 1.10.2-3)","1.10.2 (using htslib 1.10.2-3)","38.96"
"VSP3600","VSP3600-h1","1/20/2022","4/3/2022","VSP3600-h1_S27_RX_001.fastq.gz","y",29491,100,27798.429,100,"","bwa mem -M nc_045512.2_rbd.fasta 00_Raw-Data/VSP3600-h1_S27_R1_001.fastq.gz 00_Raw-Data/VSP3600-h1_S27_R2_001.fastq.gz >  ./temp_Sam-Files/VSP3600-h1_genome.sam","samtools view -S -b -h ./temp_Sam-Files/VSP3600-h1_genome.sam > ./01_Bam-Files/VSP3600-h1_genome.bam","samtools view -F 8 -h ./01_Bam-Files/VSP3600-h1_genome.bam | awk 'length($10) > 280 && length($10) < 300 || $1 ~ /^@/' | samtools view -b -h > ./01_Bam-Files/VSP3600-h1_genome.filt.bam","samtools view -h -q 30 -b ./01_Bam-Files/VSP3600-h1_genome.filt.bam > ./01_Bam-Files/VSP3600-h1_genome.filt.qual.bam","samtools sort -o ./01_Bam-Files/VSP3600-h1_genome.filt.qual.sorted.bam ./01_Bam-Files/VSP3600-h1_genome.filt.qual.bam","samtools index ./01_Bam-Files/VSP3600-h1_genome.filt.qual.sorted.bam","./Bin/bbmap/pileup.sh in=./01_Bam-Files/VSP3600-h1_genome.filt.qual.sorted.bam ref=nc_045512.2_rbd.fasta out=./02_Variant-Calling/VSP3600-h1_covstats.txt basecov=./02_Variant-Calling/VSP3600-h1_basecov.txt countgc=f overwrite=t 2> temp.txt","samtools mpileup ./01_Bam-Files/VSP3600-h1_genome.filt.qual.sorted.bam -f ./nc_045512.2_rbd.fasta > ./02_Variant-Calling/VSP3600-h1_pileup.tsv","./Bin/bbmap/callvariants.sh in=./01_Bam-Files/VSP3600-h1_genome.filt.qual.sorted.bam ref=nc_045512.2_rbd.fasta out=./02_Variant-Calling/VSP3600-h1_allVariants.vcf shist=./02_Variant-Calling/VSP3600-h1_variantQualityHisto.txt rarity=0 overwrite=t clearfilters","bcftools index ./02_Variant-Calling/VSP3600-h1_filteredVariants.vcf.gz","cat nc_045512.2_rbd.fasta | bcftools consensus ./02_Variant-Calling/VSP3600-h1_filteredVariants.vcf.gz > ./03_Consensus/VSP3600-h1_consensus.fasta","0.7.17-r1188","1.10 (using htslib 1.10.2-3)","1.10.2 (using htslib 1.10.2-3)","38.96"
"VSP3600","VSP3600-h2","1/20/2022","4/3/2022","VSP3600-h2_S28_RX_001.fastq.gz","y",42640,100,40018.575,100,"","bwa mem -M nc_045512.2_rbd.fasta 00_Raw-Data/VSP3600-h2_S28_R1_001.fastq.gz 00_Raw-Data/VSP3600-h2_S28_R2_001.fastq.gz >  ./temp_Sam-Files/VSP3600-h2_genome.sam","samtools view -S -b -h ./temp_Sam-Files/VSP3600-h2_genome.sam > ./01_Bam-Files/VSP3600-h2_genome.bam","samtools view -F 8 -h ./01_Bam-Files/VSP3600-h2_genome.bam | awk 'length($10) > 280 && length($10) < 300 || $1 ~ /^@/' | samtools view -b -h > ./01_Bam-Files/VSP3600-h2_genome.filt.bam","samtools view -h -q 30 -b ./01_Bam-Files/VSP3600-h2_genome.filt.bam > ./01_Bam-Files/VSP3600-h2_genome.filt.qual.bam","samtools sort -o ./01_Bam-Files/VSP3600-h2_genome.filt.qual.sorted.bam ./01_Bam-Files/VSP3600-h2_genome.filt.qual.bam","samtools index ./01_Bam-Files/VSP3600-h2_genome.filt.qual.sorted.bam","./Bin/bbmap/pileup.sh in=./01_Bam-Files/VSP3600-h2_genome.filt.qual.sorted.bam ref=nc_045512.2_rbd.fasta out=./02_Variant-Calling/VSP3600-h2_covstats.txt basecov=./02_Variant-Calling/VSP3600-h2_basecov.txt countgc=f overwrite=t 2> temp.txt","samtools mpileup ./01_Bam-Files/VSP3600-h2_genome.filt.qual.sorted.bam -f ./nc_045512.2_rbd.fasta > ./02_Variant-Calling/VSP3600-h2_pileup.tsv","./Bin/bbmap/callvariants.sh in=./01_Bam-Files/VSP3600-h2_genome.filt.qual.sorted.bam ref=nc_045512.2_rbd.fasta out=./02_Variant-Calling/VSP3600-h2_allVariants.vcf shist=./02_Variant-Calling/VSP3600-h2_variantQualityHisto.txt rarity=0 overwrite=t clearfilters","bcftools index ./02_Variant-Calling/VSP3600-h2_filteredVariants.vcf.gz","cat nc_045512.2_rbd.fasta | bcftools consensus ./02_Variant-Calling/VSP3600-h2_filteredVariants.vcf.gz > ./03_Consensus/VSP3600-h2_consensus.fasta","0.7.17-r1188","1.10 (using htslib 1.10.2-3)","1.10.2 (using htslib 1.10.2-3)","38.96"
"VSP3605","VSP3605-h1","","4/3/2022","VSP3605-h1_S33_RX_001.fastq.gz","y",198296,100,189002.449,100,"","bwa mem -M nc_045512.2_rbd.fasta 00_Raw-Data/VSP3605-h1_S33_R1_001.fastq.gz 00_Raw-Data/VSP3605-h1_S33_R2_001.fastq.gz >  ./temp_Sam-Files/VSP3605-h1_genome.sam","samtools view -S -b -h ./temp_Sam-Files/VSP3605-h1_genome.sam > ./01_Bam-Files/VSP3605-h1_genome.bam","samtools view -F 8 -h ./01_Bam-Files/VSP3605-h1_genome.bam | awk 'length($10) > 280 && length($10) < 300 || $1 ~ /^@/' | samtools view -b -h > ./01_Bam-Files/VSP3605-h1_genome.filt.bam","samtools view -h -q 30 -b ./01_Bam-Files/VSP3605-h1_genome.filt.bam > ./01_Bam-Files/VSP3605-h1_genome.filt.qual.bam","samtools sort -o ./01_Bam-Files/VSP3605-h1_genome.filt.qual.sorted.bam ./01_Bam-Files/VSP3605-h1_genome.filt.qual.bam","samtools index ./01_Bam-Files/VSP3605-h1_genome.filt.qual.sorted.bam","./Bin/bbmap/pileup.sh in=./01_Bam-Files/VSP3605-h1_genome.filt.qual.sorted.bam ref=nc_045512.2_rbd.fasta out=./02_Variant-Calling/VSP3605-h1_covstats.txt basecov=./02_Variant-Calling/VSP3605-h1_basecov.txt countgc=f overwrite=t 2> temp.txt","samtools mpileup ./01_Bam-Files/VSP3605-h1_genome.filt.qual.sorted.bam -f ./nc_045512.2_rbd.fasta > ./02_Variant-Calling/VSP3605-h1_pileup.tsv","./Bin/bbmap/callvariants.sh in=./01_Bam-Files/VSP3605-h1_genome.filt.qual.sorted.bam ref=nc_045512.2_rbd.fasta out=./02_Variant-Calling/VSP3605-h1_allVariants.vcf shist=./02_Variant-Calling/VSP3605-h1_variantQualityHisto.txt rarity=0 overwrite=t clearfilters","bcftools index ./02_Variant-Calling/VSP3605-h1_filteredVariants.vcf.gz","cat nc_045512.2_rbd.fasta | bcftools consensus ./02_Variant-Calling/VSP3605-h1_filteredVariants.vcf.gz > ./03_Consensus/VSP3605-h1_consensus.fasta","0.7.17-r1188","1.10 (using htslib 1.10.2-3)","1.10.2 (using htslib 1.10.2-3)","38.96"
"VSP3606","VSP3606-h1","","4/3/2022","VSP3606-h1_S34_RX_001.fastq.gz","y",197,100,65.364,34.55,"|no consensus made - coverage too low|","bwa mem -M nc_045512.2_rbd.fasta 00_Raw-Data/VSP3606-h1_S34_R1_001.fastq.gz 00_Raw-Data/VSP3606-h1_S34_R2_001.fastq.gz >  ./temp_Sam-Files/VSP3606-h1_genome.sam","samtools view -S -b -h ./temp_Sam-Files/VSP3606-h1_genome.sam > ./01_Bam-Files/VSP3606-h1_genome.bam","samtools view -F 8 -h ./01_Bam-Files/VSP3606-h1_genome.bam | awk 'length($10) > 280 && length($10) < 300 || $1 ~ /^@/' | samtools view -b -h > ./01_Bam-Files/VSP3606-h1_genome.filt.bam","samtools view -h -q 30 -b ./01_Bam-Files/VSP3606-h1_genome.filt.bam > ./01_Bam-Files/VSP3606-h1_genome.filt.qual.bam","samtools sort -o ./01_Bam-Files/VSP3606-h1_genome.filt.qual.sorted.bam ./01_Bam-Files/VSP3606-h1_genome.filt.qual.bam","samtools index ./01_Bam-Files/VSP3606-h1_genome.filt.qual.sorted.bam","./Bin/bbmap/pileup.sh in=./01_Bam-Files/VSP3606-h1_genome.filt.qual.sorted.bam ref=nc_045512.2_rbd.fasta out=./02_Variant-Calling/VSP3606-h1_covstats.txt basecov=./02_Variant-Calling/VSP3606-h1_basecov.txt countgc=f overwrite=t 2> temp.txt","samtools mpileup ./01_Bam-Files/VSP3606-h1_genome.filt.qual.sorted.bam -f ./nc_045512.2_rbd.fasta > ./02_Variant-Calling/VSP3606-h1_pileup.tsv","./Bin/bbmap/callvariants.sh in=./01_Bam-Files/VSP3606-h1_genome.filt.qual.sorted.bam ref=nc_045512.2_rbd.fasta out=./02_Variant-Calling/VSP3606-h1_allVariants.vcf shist=./02_Variant-Calling/VSP3606-h1_variantQualityHisto.txt rarity=0 overwrite=t clearfilters","","","0.7.17-r1188","1.10 (using htslib 1.10.2-3)","1.10.2 (using htslib 1.10.2-3)","38.96"
"VSP3607","VSP3607-h1","","4/3/2022","VSP3607-h1_S35_RX_001.fastq.gz","y",76257,100,74363.893,100,"","bwa mem -M nc_045512.2_rbd.fasta 00_Raw-Data/VSP3607-h1_S35_R1_001.fastq.gz 00_Raw-Data/VSP3607-h1_S35_R2_001.fastq.gz >  ./temp_Sam-Files/VSP3607-h1_genome.sam","samtools view -S -b -h ./temp_Sam-Files/VSP3607-h1_genome.sam > ./01_Bam-Files/VSP3607-h1_genome.bam","samtools view -F 8 -h ./01_Bam-Files/VSP3607-h1_genome.bam | awk 'length($10) > 280 && length($10) < 300 || $1 ~ /^@/' | samtools view -b -h > ./01_Bam-Files/VSP3607-h1_genome.filt.bam","samtools view -h -q 30 -b ./01_Bam-Files/VSP3607-h1_genome.filt.bam > ./01_Bam-Files/VSP3607-h1_genome.filt.qual.bam","samtools sort -o ./01_Bam-Files/VSP3607-h1_genome.filt.qual.sorted.bam ./01_Bam-Files/VSP3607-h1_genome.filt.qual.bam","samtools index ./01_Bam-Files/VSP3607-h1_genome.filt.qual.sorted.bam","./Bin/bbmap/pileup.sh in=./01_Bam-Files/VSP3607-h1_genome.filt.qual.sorted.bam ref=nc_045512.2_rbd.fasta out=./02_Variant-Calling/VSP3607-h1_covstats.txt basecov=./02_Variant-Calling/VSP3607-h1_basecov.txt countgc=f overwrite=t 2> temp.txt","samtools mpileup ./01_Bam-Files/VSP3607-h1_genome.filt.qual.sorted.bam -f ./nc_045512.2_rbd.fasta > ./02_Variant-Calling/VSP3607-h1_pileup.tsv","./Bin/bbmap/callvariants.sh in=./01_Bam-Files/VSP3607-h1_genome.filt.qual.sorted.bam ref=nc_045512.2_rbd.fasta out=./02_Variant-Calling/VSP3607-h1_allVariants.vcf shist=./02_Variant-Calling/VSP3607-h1_variantQualityHisto.txt rarity=0 overwrite=t clearfilters","bcftools index ./02_Variant-Calling/VSP3607-h1_filteredVariants.vcf.gz","cat nc_045512.2_rbd.fasta | bcftools consensus ./02_Variant-Calling/VSP3607-h1_filteredVariants.vcf.gz > ./03_Consensus/VSP3607-h1_consensus.fasta","0.7.17-r1188","1.10 (using htslib 1.10.2-3)","1.10.2 (using htslib 1.10.2-3)","38.96"
"VSP3608","VSP3608-h1","","4/3/2022","VSP3608-h1_S36_RX_001.fastq.gz","y",3,100,1.307,0,"|no consensus made - coverage too low||no consensus made - too few reads|","bwa mem -M nc_045512.2_rbd.fasta 00_Raw-Data/VSP3608-h1_S36_R1_001.fastq.gz 00_Raw-Data/VSP3608-h1_S36_R2_001.fastq.gz >  ./temp_Sam-Files/VSP3608-h1_genome.sam","samtools view -S -b -h ./temp_Sam-Files/VSP3608-h1_genome.sam > ./01_Bam-Files/VSP3608-h1_genome.bam","samtools view -F 8 -h ./01_Bam-Files/VSP3608-h1_genome.bam | awk 'length($10) > 280 && length($10) < 300 || $1 ~ /^@/' | samtools view -b -h > ./01_Bam-Files/VSP3608-h1_genome.filt.bam","samtools view -h -q 30 -b ./01_Bam-Files/VSP3608-h1_genome.filt.bam > ./01_Bam-Files/VSP3608-h1_genome.filt.qual.bam","samtools sort -o ./01_Bam-Files/VSP3608-h1_genome.filt.qual.sorted.bam ./01_Bam-Files/VSP3608-h1_genome.filt.qual.bam","samtools index ./01_Bam-Files/VSP3608-h1_genome.filt.qual.sorted.bam","./Bin/bbmap/pileup.sh in=./01_Bam-Files/VSP3608-h1_genome.filt.qual.sorted.bam ref=nc_045512.2_rbd.fasta out=./02_Variant-Calling/VSP3608-h1_covstats.txt basecov=./02_Variant-Calling/VSP3608-h1_basecov.txt countgc=f overwrite=t 2> temp.txt","samtools mpileup ./01_Bam-Files/VSP3608-h1_genome.filt.qual.sorted.bam -f ./nc_045512.2_rbd.fasta > ./02_Variant-Calling/VSP3608-h1_pileup.tsv","./Bin/bbmap/callvariants.sh in=./01_Bam-Files/VSP3608-h1_genome.filt.qual.sorted.bam ref=nc_045512.2_rbd.fasta out=./02_Variant-Calling/VSP3608-h1_allVariants.vcf shist=./02_Variant-Calling/VSP3608-h1_variantQualityHisto.txt rarity=0 overwrite=t clearfilters","","","0.7.17-r1188","1.10 (using htslib 1.10.2-3)","1.10.2 (using htslib 1.10.2-3)","38.96"
"VSP3609","VSP3609-h1","","4/3/2022","VSP3609-h1_S37_RX_001.fastq.gz","y",38238,100,37229.555,100,"","bwa mem -M nc_045512.2_rbd.fasta 00_Raw-Data/VSP3609-h1_S37_R1_001.fastq.gz 00_Raw-Data/VSP3609-h1_S37_R2_001.fastq.gz >  ./temp_Sam-Files/VSP3609-h1_genome.sam","samtools view -S -b -h ./temp_Sam-Files/VSP3609-h1_genome.sam > ./01_Bam-Files/VSP3609-h1_genome.bam","samtools view -F 8 -h ./01_Bam-Files/VSP3609-h1_genome.bam | awk 'length($10) > 280 && length($10) < 300 || $1 ~ /^@/' | samtools view -b -h > ./01_Bam-Files/VSP3609-h1_genome.filt.bam","samtools view -h -q 30 -b ./01_Bam-Files/VSP3609-h1_genome.filt.bam > ./01_Bam-Files/VSP3609-h1_genome.filt.qual.bam","samtools sort -o ./01_Bam-Files/VSP3609-h1_genome.filt.qual.sorted.bam ./01_Bam-Files/VSP3609-h1_genome.filt.qual.bam","samtools index ./01_Bam-Files/VSP3609-h1_genome.filt.qual.sorted.bam","./Bin/bbmap/pileup.sh in=./01_Bam-Files/VSP3609-h1_genome.filt.qual.sorted.bam ref=nc_045512.2_rbd.fasta out=./02_Variant-Calling/VSP3609-h1_covstats.txt basecov=./02_Variant-Calling/VSP3609-h1_basecov.txt countgc=f overwrite=t 2> temp.txt","samtools mpileup ./01_Bam-Files/VSP3609-h1_genome.filt.qual.sorted.bam -f ./nc_045512.2_rbd.fasta > ./02_Variant-Calling/VSP3609-h1_pileup.tsv","./Bin/bbmap/callvariants.sh in=./01_Bam-Files/VSP3609-h1_genome.filt.qual.sorted.bam ref=nc_045512.2_rbd.fasta out=./02_Variant-Calling/VSP3609-h1_allVariants.vcf shist=./02_Variant-Calling/VSP3609-h1_variantQualityHisto.txt rarity=0 overwrite=t clearfilters","bcftools index ./02_Variant-Calling/VSP3609-h1_filteredVariants.vcf.gz","cat nc_045512.2_rbd.fasta | bcftools consensus ./02_Variant-Calling/VSP3609-h1_filteredVariants.vcf.gz > ./03_Consensus/VSP3609-h1_consensus.fasta","0.7.17-r1188","1.10 (using htslib 1.10.2-3)","1.10.2 (using htslib 1.10.2-3)","38.96"
"VSP3610","VSP3610-h1","","4/3/2022","VSP3610-h1_S38_RX_001.fastq.gz","y",1,100,0.458,0,"|no consensus made - coverage too low||no consensus made - too few reads|","bwa mem -M nc_045512.2_rbd.fasta 00_Raw-Data/VSP3610-h1_S38_R1_001.fastq.gz 00_Raw-Data/VSP3610-h1_S38_R2_001.fastq.gz >  ./temp_Sam-Files/VSP3610-h1_genome.sam","samtools view -S -b -h ./temp_Sam-Files/VSP3610-h1_genome.sam > ./01_Bam-Files/VSP3610-h1_genome.bam","samtools view -F 8 -h ./01_Bam-Files/VSP3610-h1_genome.bam | awk 'length($10) > 280 && length($10) < 300 || $1 ~ /^@/' | samtools view -b -h > ./01_Bam-Files/VSP3610-h1_genome.filt.bam","samtools view -h -q 30 -b ./01_Bam-Files/VSP3610-h1_genome.filt.bam > ./01_Bam-Files/VSP3610-h1_genome.filt.qual.bam","samtools sort -o ./01_Bam-Files/VSP3610-h1_genome.filt.qual.sorted.bam ./01_Bam-Files/VSP3610-h1_genome.filt.qual.bam","samtools index ./01_Bam-Files/VSP3610-h1_genome.filt.qual.sorted.bam","./Bin/bbmap/pileup.sh in=./01_Bam-Files/VSP3610-h1_genome.filt.qual.sorted.bam ref=nc_045512.2_rbd.fasta out=./02_Variant-Calling/VSP3610-h1_covstats.txt basecov=./02_Variant-Calling/VSP3610-h1_basecov.txt countgc=f overwrite=t 2> temp.txt","samtools mpileup ./01_Bam-Files/VSP3610-h1_genome.filt.qual.sorted.bam -f ./nc_045512.2_rbd.fasta > ./02_Variant-Calling/VSP3610-h1_pileup.tsv","./Bin/bbmap/callvariants.sh in=./01_Bam-Files/VSP3610-h1_genome.filt.qual.sorted.bam ref=nc_045512.2_rbd.fasta out=./02_Variant-Calling/VSP3610-h1_allVariants.vcf shist=./02_Variant-Calling/VSP3610-h1_variantQualityHisto.txt rarity=0 overwrite=t clearfilters","","","0.7.17-r1188","1.10 (using htslib 1.10.2-3)","1.10.2 (using htslib 1.10.2-3)","38.96"
"VSP3611","VSP3611-h1","","4/3/2022","VSP3611-h1_S39_RX_001.fastq.gz","y",254,100,88.384,35.64,"|no consensus made - coverage too low|","bwa mem -M nc_045512.2_rbd.fasta 00_Raw-Data/VSP3611-h1_S39_R1_001.fastq.gz 00_Raw-Data/VSP3611-h1_S39_R2_001.fastq.gz >  ./temp_Sam-Files/VSP3611-h1_genome.sam","samtools view -S -b -h ./temp_Sam-Files/VSP3611-h1_genome.sam > ./01_Bam-Files/VSP3611-h1_genome.bam","samtools view -F 8 -h ./01_Bam-Files/VSP3611-h1_genome.bam | awk 'length($10) > 280 && length($10) < 300 || $1 ~ /^@/' | samtools view -b -h > ./01_Bam-Files/VSP3611-h1_genome.filt.bam","samtools view -h -q 30 -b ./01_Bam-Files/VSP3611-h1_genome.filt.bam > ./01_Bam-Files/VSP3611-h1_genome.filt.qual.bam","samtools sort -o ./01_Bam-Files/VSP3611-h1_genome.filt.qual.sorted.bam ./01_Bam-Files/VSP3611-h1_genome.filt.qual.bam","samtools index ./01_Bam-Files/VSP3611-h1_genome.filt.qual.sorted.bam","./Bin/bbmap/pileup.sh in=./01_Bam-Files/VSP3611-h1_genome.filt.qual.sorted.bam ref=nc_045512.2_rbd.fasta out=./02_Variant-Calling/VSP3611-h1_covstats.txt basecov=./02_Variant-Calling/VSP3611-h1_basecov.txt countgc=f overwrite=t 2> temp.txt","samtools mpileup ./01_Bam-Files/VSP3611-h1_genome.filt.qual.sorted.bam -f ./nc_045512.2_rbd.fasta > ./02_Variant-Calling/VSP3611-h1_pileup.tsv","./Bin/bbmap/callvariants.sh in=./01_Bam-Files/VSP3611-h1_genome.filt.qual.sorted.bam ref=nc_045512.2_rbd.fasta out=./02_Variant-Calling/VSP3611-h1_allVariants.vcf shist=./02_Variant-Calling/VSP3611-h1_variantQualityHisto.txt rarity=0 overwrite=t clearfilters","","","0.7.17-r1188","1.10 (using htslib 1.10.2-3)","1.10.2 (using htslib 1.10.2-3)","38.96"
"VSP3612","VSP3612-h1","","4/3/2022","VSP3612-h1_S40_RX_001.fastq.gz","y",158770,100,153631.618,100,"","bwa mem -M nc_045512.2_rbd.fasta 00_Raw-Data/VSP3612-h1_S40_R1_001.fastq.gz 00_Raw-Data/VSP3612-h1_S40_R2_001.fastq.gz >  ./temp_Sam-Files/VSP3612-h1_genome.sam","samtools view -S -b -h ./temp_Sam-Files/VSP3612-h1_genome.sam > ./01_Bam-Files/VSP3612-h1_genome.bam","samtools view -F 8 -h ./01_Bam-Files/VSP3612-h1_genome.bam | awk 'length($10) > 280 && length($10) < 300 || $1 ~ /^@/' | samtools view -b -h > ./01_Bam-Files/VSP3612-h1_genome.filt.bam","samtools view -h -q 30 -b ./01_Bam-Files/VSP3612-h1_genome.filt.bam > ./01_Bam-Files/VSP3612-h1_genome.filt.qual.bam","samtools sort -o ./01_Bam-Files/VSP3612-h1_genome.filt.qual.sorted.bam ./01_Bam-Files/VSP3612-h1_genome.filt.qual.bam","samtools index ./01_Bam-Files/VSP3612-h1_genome.filt.qual.sorted.bam","./Bin/bbmap/pileup.sh in=./01_Bam-Files/VSP3612-h1_genome.filt.qual.sorted.bam ref=nc_045512.2_rbd.fasta out=./02_Variant-Calling/VSP3612-h1_covstats.txt basecov=./02_Variant-Calling/VSP3612-h1_basecov.txt countgc=f overwrite=t 2> temp.txt","samtools mpileup ./01_Bam-Files/VSP3612-h1_genome.filt.qual.sorted.bam -f ./nc_045512.2_rbd.fasta > ./02_Variant-Calling/VSP3612-h1_pileup.tsv","./Bin/bbmap/callvariants.sh in=./01_Bam-Files/VSP3612-h1_genome.filt.qual.sorted.bam ref=nc_045512.2_rbd.fasta out=./02_Variant-Calling/VSP3612-h1_allVariants.vcf shist=./02_Variant-Calling/VSP3612-h1_variantQualityHisto.txt rarity=0 overwrite=t clearfilters","bcftools index ./02_Variant-Calling/VSP3612-h1_filteredVariants.vcf.gz","cat nc_045512.2_rbd.fasta | bcftools consensus ./02_Variant-Calling/VSP3612-h1_filteredVariants.vcf.gz > ./03_Consensus/VSP3612-h1_consensus.fasta","0.7.17-r1188","1.10 (using htslib 1.10.2-3)","1.10.2 (using htslib 1.10.2-3)","38.96"
"VSP3613","VSP3613-h1","","4/3/2022","VSP3613-h1_S41_RX_001.fastq.gz","y",0,NA,0,0,"|no consensus made - coverage too low||no consensus made - too few reads|","bwa mem -M nc_045512.2_rbd.fasta 00_Raw-Data/VSP3613-h1_S41_R1_001.fastq.gz 00_Raw-Data/VSP3613-h1_S41_R2_001.fastq.gz >  ./temp_Sam-Files/VSP3613-h1_genome.sam","samtools view -S -b -h ./temp_Sam-Files/VSP3613-h1_genome.sam > ./01_Bam-Files/VSP3613-h1_genome.bam","samtools view -F 8 -h ./01_Bam-Files/VSP3613-h1_genome.bam | awk 'length($10) > 280 && length($10) < 300 || $1 ~ /^@/' | samtools view -b -h > ./01_Bam-Files/VSP3613-h1_genome.filt.bam","samtools view -h -q 30 -b ./01_Bam-Files/VSP3613-h1_genome.filt.bam > ./01_Bam-Files/VSP3613-h1_genome.filt.qual.bam","samtools sort -o ./01_Bam-Files/VSP3613-h1_genome.filt.qual.sorted.bam ./01_Bam-Files/VSP3613-h1_genome.filt.qual.bam","samtools index ./01_Bam-Files/VSP3613-h1_genome.filt.qual.sorted.bam","./Bin/bbmap/pileup.sh in=./01_Bam-Files/VSP3613-h1_genome.filt.qual.sorted.bam ref=nc_045512.2_rbd.fasta out=./02_Variant-Calling/VSP3613-h1_covstats.txt basecov=./02_Variant-Calling/VSP3613-h1_basecov.txt countgc=f overwrite=t 2> temp.txt","samtools mpileup ./01_Bam-Files/VSP3613-h1_genome.filt.qual.sorted.bam -f ./nc_045512.2_rbd.fasta > ./02_Variant-Calling/VSP3613-h1_pileup.tsv","./Bin/bbmap/callvariants.sh in=./01_Bam-Files/VSP3613-h1_genome.filt.qual.sorted.bam ref=nc_045512.2_rbd.fasta out=./02_Variant-Calling/VSP3613-h1_allVariants.vcf shist=./02_Variant-Calling/VSP3613-h1_variantQualityHisto.txt rarity=0 overwrite=t clearfilters","","","0.7.17-r1188","1.10 (using htslib 1.10.2-3)","1.10.2 (using htslib 1.10.2-3)","38.96"
"VSP3614","VSP3614-h1","","4/3/2022","VSP3614-h1_S42_RX_001.fastq.gz","y",796792,100,774751.755,100,"","bwa mem -M nc_045512.2_rbd.fasta 00_Raw-Data/VSP3614-h1_S42_R1_001.fastq.gz 00_Raw-Data/VSP3614-h1_S42_R2_001.fastq.gz >  ./temp_Sam-Files/VSP3614-h1_genome.sam","samtools view -S -b -h ./temp_Sam-Files/VSP3614-h1_genome.sam > ./01_Bam-Files/VSP3614-h1_genome.bam","samtools view -F 8 -h ./01_Bam-Files/VSP3614-h1_genome.bam | awk 'length($10) > 280 && length($10) < 300 || $1 ~ /^@/' | samtools view -b -h > ./01_Bam-Files/VSP3614-h1_genome.filt.bam","samtools view -h -q 30 -b ./01_Bam-Files/VSP3614-h1_genome.filt.bam > ./01_Bam-Files/VSP3614-h1_genome.filt.qual.bam","samtools sort -o ./01_Bam-Files/VSP3614-h1_genome.filt.qual.sorted.bam ./01_Bam-Files/VSP3614-h1_genome.filt.qual.bam","samtools index ./01_Bam-Files/VSP3614-h1_genome.filt.qual.sorted.bam","./Bin/bbmap/pileup.sh in=./01_Bam-Files/VSP3614-h1_genome.filt.qual.sorted.bam ref=nc_045512.2_rbd.fasta out=./02_Variant-Calling/VSP3614-h1_covstats.txt basecov=./02_Variant-Calling/VSP3614-h1_basecov.txt countgc=f overwrite=t 2> temp.txt","samtools mpileup ./01_Bam-Files/VSP3614-h1_genome.filt.qual.sorted.bam -f ./nc_045512.2_rbd.fasta > ./02_Variant-Calling/VSP3614-h1_pileup.tsv","./Bin/bbmap/callvariants.sh in=./01_Bam-Files/VSP3614-h1_genome.filt.qual.sorted.bam ref=nc_045512.2_rbd.fasta out=./02_Variant-Calling/VSP3614-h1_allVariants.vcf shist=./02_Variant-Calling/VSP3614-h1_variantQualityHisto.txt rarity=0 overwrite=t clearfilters","bcftools index ./02_Variant-Calling/VSP3614-h1_filteredVariants.vcf.gz","cat nc_045512.2_rbd.fasta | bcftools consensus ./02_Variant-Calling/VSP3614-h1_filteredVariants.vcf.gz > ./03_Consensus/VSP3614-h1_consensus.fasta","0.7.17-r1188","1.10 (using htslib 1.10.2-3)","1.10.2 (using htslib 1.10.2-3)","38.96"
"VSP3615","VSP3615-h1","","4/3/2022","VSP3615-h1_S43_RX_001.fastq.gz","y",26887,100,25157.424,100,"","bwa mem -M nc_045512.2_rbd.fasta 00_Raw-Data/VSP3615-h1_S43_R1_001.fastq.gz 00_Raw-Data/VSP3615-h1_S43_R2_001.fastq.gz >  ./temp_Sam-Files/VSP3615-h1_genome.sam","samtools view -S -b -h ./temp_Sam-Files/VSP3615-h1_genome.sam > ./01_Bam-Files/VSP3615-h1_genome.bam","samtools view -F 8 -h ./01_Bam-Files/VSP3615-h1_genome.bam | awk 'length($10) > 280 && length($10) < 300 || $1 ~ /^@/' | samtools view -b -h > ./01_Bam-Files/VSP3615-h1_genome.filt.bam","samtools view -h -q 30 -b ./01_Bam-Files/VSP3615-h1_genome.filt.bam > ./01_Bam-Files/VSP3615-h1_genome.filt.qual.bam","samtools sort -o ./01_Bam-Files/VSP3615-h1_genome.filt.qual.sorted.bam ./01_Bam-Files/VSP3615-h1_genome.filt.qual.bam","samtools index ./01_Bam-Files/VSP3615-h1_genome.filt.qual.sorted.bam","./Bin/bbmap/pileup.sh in=./01_Bam-Files/VSP3615-h1_genome.filt.qual.sorted.bam ref=nc_045512.2_rbd.fasta out=./02_Variant-Calling/VSP3615-h1_covstats.txt basecov=./02_Variant-Calling/VSP3615-h1_basecov.txt countgc=f overwrite=t 2> temp.txt","samtools mpileup ./01_Bam-Files/VSP3615-h1_genome.filt.qual.sorted.bam -f ./nc_045512.2_rbd.fasta > ./02_Variant-Calling/VSP3615-h1_pileup.tsv","./Bin/bbmap/callvariants.sh in=./01_Bam-Files/VSP3615-h1_genome.filt.qual.sorted.bam ref=nc_045512.2_rbd.fasta out=./02_Variant-Calling/VSP3615-h1_allVariants.vcf shist=./02_Variant-Calling/VSP3615-h1_variantQualityHisto.txt rarity=0 overwrite=t clearfilters","bcftools index ./02_Variant-Calling/VSP3615-h1_filteredVariants.vcf.gz","cat nc_045512.2_rbd.fasta | bcftools consensus ./02_Variant-Calling/VSP3615-h1_filteredVariants.vcf.gz > ./03_Consensus/VSP3615-h1_consensus.fasta","0.7.17-r1188","1.10 (using htslib 1.10.2-3)","1.10.2 (using htslib 1.10.2-3)","38.96"
"VSP3616","VSP3616-h1","","4/3/2022","VSP3616-h1_S44_RX_001.fastq.gz","y",1,100,0.731,0,"|no consensus made - coverage too low||no consensus made - too few reads|","bwa mem -M nc_045512.2_rbd.fasta 00_Raw-Data/VSP3616-h1_S44_R1_001.fastq.gz 00_Raw-Data/VSP3616-h1_S44_R2_001.fastq.gz >  ./temp_Sam-Files/VSP3616-h1_genome.sam","samtools view -S -b -h ./temp_Sam-Files/VSP3616-h1_genome.sam > ./01_Bam-Files/VSP3616-h1_genome.bam","samtools view -F 8 -h ./01_Bam-Files/VSP3616-h1_genome.bam | awk 'length($10) > 280 && length($10) < 300 || $1 ~ /^@/' | samtools view -b -h > ./01_Bam-Files/VSP3616-h1_genome.filt.bam","samtools view -h -q 30 -b ./01_Bam-Files/VSP3616-h1_genome.filt.bam > ./01_Bam-Files/VSP3616-h1_genome.filt.qual.bam","samtools sort -o ./01_Bam-Files/VSP3616-h1_genome.filt.qual.sorted.bam ./01_Bam-Files/VSP3616-h1_genome.filt.qual.bam","samtools index ./01_Bam-Files/VSP3616-h1_genome.filt.qual.sorted.bam","./Bin/bbmap/pileup.sh in=./01_Bam-Files/VSP3616-h1_genome.filt.qual.sorted.bam ref=nc_045512.2_rbd.fasta out=./02_Variant-Calling/VSP3616-h1_covstats.txt basecov=./02_Variant-Calling/VSP3616-h1_basecov.txt countgc=f overwrite=t 2> temp.txt","samtools mpileup ./01_Bam-Files/VSP3616-h1_genome.filt.qual.sorted.bam -f ./nc_045512.2_rbd.fasta > ./02_Variant-Calling/VSP3616-h1_pileup.tsv","./Bin/bbmap/callvariants.sh in=./01_Bam-Files/VSP3616-h1_genome.filt.qual.sorted.bam ref=nc_045512.2_rbd.fasta out=./02_Variant-Calling/VSP3616-h1_allVariants.vcf shist=./02_Variant-Calling/VSP3616-h1_variantQualityHisto.txt rarity=0 overwrite=t clearfilters","","","0.7.17-r1188","1.10 (using htslib 1.10.2-3)","1.10.2 (using htslib 1.10.2-3)","38.96"
"VSP3617","VSP3617-h1","","4/3/2022","VSP3617-h1_S45_RX_001.fastq.gz","y",169,100,59.644,34.18,"|no consensus made - coverage too low|","bwa mem -M nc_045512.2_rbd.fasta 00_Raw-Data/VSP3617-h1_S45_R1_001.fastq.gz 00_Raw-Data/VSP3617-h1_S45_R2_001.fastq.gz >  ./temp_Sam-Files/VSP3617-h1_genome.sam","samtools view -S -b -h ./temp_Sam-Files/VSP3617-h1_genome.sam > ./01_Bam-Files/VSP3617-h1_genome.bam","samtools view -F 8 -h ./01_Bam-Files/VSP3617-h1_genome.bam | awk 'length($10) > 280 && length($10) < 300 || $1 ~ /^@/' | samtools view -b -h > ./01_Bam-Files/VSP3617-h1_genome.filt.bam","samtools view -h -q 30 -b ./01_Bam-Files/VSP3617-h1_genome.filt.bam > ./01_Bam-Files/VSP3617-h1_genome.filt.qual.bam","samtools sort -o ./01_Bam-Files/VSP3617-h1_genome.filt.qual.sorted.bam ./01_Bam-Files/VSP3617-h1_genome.filt.qual.bam","samtools index ./01_Bam-Files/VSP3617-h1_genome.filt.qual.sorted.bam","./Bin/bbmap/pileup.sh in=./01_Bam-Files/VSP3617-h1_genome.filt.qual.sorted.bam ref=nc_045512.2_rbd.fasta out=./02_Variant-Calling/VSP3617-h1_covstats.txt basecov=./02_Variant-Calling/VSP3617-h1_basecov.txt countgc=f overwrite=t 2> temp.txt","samtools mpileup ./01_Bam-Files/VSP3617-h1_genome.filt.qual.sorted.bam -f ./nc_045512.2_rbd.fasta > ./02_Variant-Calling/VSP3617-h1_pileup.tsv","./Bin/bbmap/callvariants.sh in=./01_Bam-Files/VSP3617-h1_genome.filt.qual.sorted.bam ref=nc_045512.2_rbd.fasta out=./02_Variant-Calling/VSP3617-h1_allVariants.vcf shist=./02_Variant-Calling/VSP3617-h1_variantQualityHisto.txt rarity=0 overwrite=t clearfilters","","","0.7.17-r1188","1.10 (using htslib 1.10.2-3)","1.10.2 (using htslib 1.10.2-3)","38.96"
"VSP3618","VSP3618-h1","","4/3/2022","VSP3618-h1_S46_RX_001.fastq.gz","y",2,100,1.176,0,"|no consensus made - coverage too low||no consensus made - too few reads|","bwa mem -M nc_045512.2_rbd.fasta 00_Raw-Data/VSP3618-h1_S46_R1_001.fastq.gz 00_Raw-Data/VSP3618-h1_S46_R2_001.fastq.gz >  ./temp_Sam-Files/VSP3618-h1_genome.sam","samtools view -S -b -h ./temp_Sam-Files/VSP3618-h1_genome.sam > ./01_Bam-Files/VSP3618-h1_genome.bam","samtools view -F 8 -h ./01_Bam-Files/VSP3618-h1_genome.bam | awk 'length($10) > 280 && length($10) < 300 || $1 ~ /^@/' | samtools view -b -h > ./01_Bam-Files/VSP3618-h1_genome.filt.bam","samtools view -h -q 30 -b ./01_Bam-Files/VSP3618-h1_genome.filt.bam > ./01_Bam-Files/VSP3618-h1_genome.filt.qual.bam","samtools sort -o ./01_Bam-Files/VSP3618-h1_genome.filt.qual.sorted.bam ./01_Bam-Files/VSP3618-h1_genome.filt.qual.bam","samtools index ./01_Bam-Files/VSP3618-h1_genome.filt.qual.sorted.bam","./Bin/bbmap/pileup.sh in=./01_Bam-Files/VSP3618-h1_genome.filt.qual.sorted.bam ref=nc_045512.2_rbd.fasta out=./02_Variant-Calling/VSP3618-h1_covstats.txt basecov=./02_Variant-Calling/VSP3618-h1_basecov.txt countgc=f overwrite=t 2> temp.txt","samtools mpileup ./01_Bam-Files/VSP3618-h1_genome.filt.qual.sorted.bam -f ./nc_045512.2_rbd.fasta > ./02_Variant-Calling/VSP3618-h1_pileup.tsv","./Bin/bbmap/callvariants.sh in=./01_Bam-Files/VSP3618-h1_genome.filt.qual.sorted.bam ref=nc_045512.2_rbd.fasta out=./02_Variant-Calling/VSP3618-h1_allVariants.vcf shist=./02_Variant-Calling/VSP3618-h1_variantQualityHisto.txt rarity=0 overwrite=t clearfilters","","","0.7.17-r1188","1.10 (using htslib 1.10.2-3)","1.10.2 (using htslib 1.10.2-3)","38.96"
